[{"time":"2019-10-24 00:50:56","animal_name":"Squirrel","weather":"Clear","battery":9},
{"time":"2019-07-21 21:23:55","animal_name":"Deer","weather":"Clear","battery":48},
{"time":"2020-06-29 11:16:39","animal_name":"Squirrel","weather":"Rainy","battery":36},
{"time":"2019-08-02 04:07:35","animal_name":"Squirrel","weather":"Cloudy","battery":52},
{"time":"2019-09-15 20:59:00","animal_name":"Deer","weather":"Clear","battery":87},
{"time":"2020-03-05 08:54:36","animal_name":"Deer","weather":"Clear","battery":48},
{"time":"2020-05-20 03:15:31","animal_name":"Rabbit","weather":"Cloudy","battery":45},
{"time":"2019-11-28 02:55:00","animal_name":"Rabbit","weather":"Clear","battery":10},
{"time":"2020-05-17 04:14:17","animal_name":"Rabbit","weather":"Cloudy","battery":84},
{"time":"2020-02-04 22:17:48","animal_name":"Squirrel","weather":"Clear","battery":50},
{"time":"2020-02-17 09:53:10","animal_name":"Deer","weather":"Clear","battery":17},
{"time":"2019-07-01 06:34:23","animal_name":"Squirrel","weather":"Cloudy","battery":18},
{"time":"2019-09-10 17:36:00","animal_name":"Rabbit","weather":"Clear","battery":43},
{"time":"2019-08-06 12:09:02","animal_name":"Rabbit","weather":"Clear","battery":20},
{"time":"2019-08-18 15:06:51","animal_name":"Squirrel","weather":"Rainy","battery":84},
{"time":"2019-10-08 03:07:49","animal_name":"Squirrel","weather":"Clear","battery":82},
{"time":"2020-01-27 17:33:03","animal_name":"Rabbit","weather":"Clear","battery":100},
{"time":"2020-05-06 00:10:10","animal_name":"Squirrel","weather":"Cloudy","battery":24},
{"time":"2020-02-22 18:45:04","animal_name":"Squirrel","weather":"Clear","battery":83},
{"time":"2020-04-16 09:27:53","animal_name":"Squirrel","weather":"Clear","battery":94},
{"time":"2019-09-09 00:38:57","animal_name":"Deer","weather":"Rainy","battery":3},
{"time":"2020-01-19 23:58:55","animal_name":"Squirrel","weather":"Clear","battery":62},
{"time":"2020-07-11 00:20:15","animal_name":"Rabbit","weather":"Rainy","battery":2},
{"time":"2019-07-10 20:16:06","animal_name":"Squirrel","weather":"Cloudy","battery":1},
{"time":"2020-08-22 07:21:44","animal_name":"Squirrel","weather":"Cloudy","battery":59},
{"time":"2020-07-12 21:31:47","animal_name":"Rabbit","weather":"Clear","battery":21},
{"time":"2020-01-11 00:55:31","animal_name":"Squirrel","weather":"Cloudy","battery":81},
{"time":"2020-04-10 18:20:58","animal_name":"Deer","weather":"Cloudy","battery":48},
{"time":"2020-05-01 06:06:27","animal_name":"Rabbit","weather":"Clear","battery":84},
{"time":"2019-11-13 09:59:13","animal_name":"Squirrel","weather":"Clear","battery":82},
{"time":"2019-09-20 21:24:33","animal_name":"Rabbit","weather":"Clear","battery":13},
{"time":"2019-10-21 08:59:41","animal_name":"Rabbit","weather":"Cloudy","battery":68},
{"time":"2019-08-17 13:40:30","animal_name":"Rabbit","weather":"Cloudy","battery":47},
{"time":"2019-11-27 05:53:35","animal_name":"Squirrel","weather":"Cloudy","battery":94},
{"time":"2019-08-24 20:07:35","animal_name":"Rabbit","weather":"Clear","battery":3},
{"time":"2020-04-09 21:31:10","animal_name":"Deer","weather":"Clear","battery":60},
{"time":"2020-07-09 14:12:31","animal_name":"Wolf","weather":"Cloudy","battery":60},
{"time":"2020-02-15 19:04:45","animal_name":"Squirrel","weather":"Clear","battery":50},
{"time":"2019-08-24 01:33:44","animal_name":"Wolf","weather":"Clear","battery":73},
{"time":"2020-03-04 20:39:30","animal_name":"Deer","weather":"Rainy","battery":52},
{"time":"2019-08-11 11:26:34","animal_name":"Rabbit","weather":"Clear","battery":87},
{"time":"2020-05-20 05:04:03","animal_name":"Squirrel","weather":"Clear","battery":90},
{"time":"2019-06-23 08:08:42","animal_name":"Squirrel","weather":"Clear","battery":83},
{"time":"2020-04-14 15:54:37","animal_name":"Rabbit","weather":"Clear","battery":51},
{"time":"2019-06-12 07:51:06","animal_name":"Rabbit","weather":"Rainy","battery":96},
{"time":"2019-12-29 09:56:11","animal_name":"Rabbit","weather":"Cloudy","battery":35},
{"time":"2020-01-10 06:05:50","animal_name":"Rabbit","weather":"Rainy","battery":19},
{"time":"2019-06-18 12:00:06","animal_name":"Deer","weather":"Rainy","battery":2},
{"time":"2020-01-02 06:39:08","animal_name":"Bear","weather":"Clear","battery":97},
{"time":"2020-05-14 23:28:34","animal_name":"Rabbit","weather":"Rainy","battery":63},
{"time":"2019-07-11 05:47:11","animal_name":"Squirrel","weather":"Clear","battery":87},
{"time":"2019-09-24 00:22:47","animal_name":"Deer","weather":"Clear","battery":5},
{"time":"2019-08-01 04:54:25","animal_name":"Rabbit","weather":"Cloudy","battery":52},
{"time":"2019-11-03 23:24:25","animal_name":"Rabbit","weather":"Cloudy","battery":32},
{"time":"2019-09-08 05:50:06","animal_name":"Rabbit","weather":"Cloudy","battery":61},
{"time":"2020-07-15 06:25:29","animal_name":"Deer","weather":"Clear","battery":98},
{"time":"2020-01-27 23:17:29","animal_name":"Bear","weather":"Rainy","battery":90},
{"time":"2020-04-08 08:58:41","animal_name":"Squirrel","weather":"Cloudy","battery":23},
{"time":"2019-06-14 20:27:04","animal_name":"Rabbit","weather":"Clear","battery":10},
{"time":"2019-08-10 21:22:40","animal_name":"Squirrel","weather":"Clear","battery":13},
{"time":"2020-07-31 00:07:47","animal_name":"Deer","weather":"Cloudy","battery":14},
{"time":"2020-04-12 20:52:17","animal_name":"Rabbit","weather":"Clear","battery":47},
{"time":"2020-07-30 10:51:03","animal_name":"Rabbit","weather":"Clear","battery":44},
{"time":"2020-05-27 22:36:44","animal_name":"Squirrel","weather":"Cloudy","battery":59},
{"time":"2019-11-06 22:36:27","animal_name":"Deer","weather":"Clear","battery":70},
{"time":"2020-05-01 22:28:57","animal_name":"Rabbit","weather":"Cloudy","battery":2},
{"time":"2020-04-12 23:14:44","animal_name":"Squirrel","weather":"Rainy","battery":27},
{"time":"2020-03-19 08:54:54","animal_name":"Squirrel","weather":"Clear","battery":22},
{"time":"2020-03-22 06:58:32","animal_name":"Deer","weather":"Clear","battery":5},
{"time":"2020-08-05 01:54:19","animal_name":"Squirrel","weather":"Cloudy","battery":59},
{"time":"2019-09-10 08:25:56","animal_name":"Wolf","weather":"Rainy","battery":43},
{"time":"2020-04-29 09:00:26","animal_name":"Wolf","weather":"Rainy","battery":52},
{"time":"2019-10-24 10:04:21","animal_name":"Squirrel","weather":"Clear","battery":30},
{"time":"2019-08-31 19:04:36","animal_name":"Rabbit","weather":"Clear","battery":34},
{"time":"2019-06-20 10:39:47","animal_name":"Rabbit","weather":"Clear","battery":20},
{"time":"2019-10-28 17:59:46","animal_name":"Rabbit","weather":"Storm","battery":68},
{"time":"2020-04-26 00:17:21","animal_name":"Squirrel","weather":"Clear","battery":47},
{"time":"2020-05-30 11:13:19","animal_name":"Squirrel","weather":"Clear","battery":97},
{"time":"2019-07-06 14:13:09","animal_name":"Rabbit","weather":"Clear","battery":46},
{"time":"2020-07-24 10:09:23","animal_name":"Rabbit","weather":"Rainy","battery":6},
{"time":"2020-02-14 17:44:50","animal_name":"Bear","weather":"Cloudy","battery":91},
{"time":"2020-08-27 00:27:56","animal_name":"Squirrel","weather":"Rainy","battery":44},
{"time":"2020-01-07 21:27:41","animal_name":"Wolf","weather":"Clear","battery":2},
{"time":"2019-07-11 02:30:02","animal_name":"Squirrel","weather":"Cloudy","battery":29},
{"time":"2020-06-06 20:43:31","animal_name":"Rabbit","weather":"Cloudy","battery":2},
{"time":"2019-06-16 16:22:40","animal_name":"Rabbit","weather":"Clear","battery":55},
{"time":"2019-07-31 17:08:14","animal_name":"Squirrel","weather":"Clear","battery":26},
{"time":"2019-11-13 20:08:30","animal_name":"Deer","weather":"Cloudy","battery":23},
{"time":"2020-06-02 16:19:06","animal_name":"Rabbit","weather":"Clear","battery":65},
{"time":"2020-05-23 05:52:31","animal_name":"Squirrel","weather":"Rainy","battery":72},
{"time":"2020-02-16 20:45:15","animal_name":null,"weather":"Clear","battery":3},
{"time":"2019-11-13 23:30:13","animal_name":null,"weather":"Cloudy","battery":52},
{"time":"2020-01-24 23:50:12","animal_name":"Squirrel","weather":"Rainy","battery":96},
{"time":"2020-05-13 10:41:28","animal_name":"Squirrel","weather":"Cloudy","battery":65},
{"time":"2019-09-15 17:37:28","animal_name":"Rabbit","weather":"Clear","battery":67},
{"time":"2020-07-29 03:54:08","animal_name":"Squirrel","weather":"Rainy","battery":99},
{"time":"2020-08-09 18:09:22","animal_name":"Rabbit","weather":"Clear","battery":5},
{"time":"2020-08-24 16:35:52","animal_name":"Rabbit","weather":"Cloudy","battery":60},
{"time":"2020-04-09 04:52:44","animal_name":"Rabbit","weather":"Rainy","battery":31},
{"time":"2020-03-08 16:54:42","animal_name":"Rabbit","weather":"Cloudy","battery":82}]