[{"time":"2019-10-16 12:15:55","animal_name":null,"weather":"Rainy","battery":60},
{"time":"2019-10-03 11:47:50","animal_name":"Rabbit","weather":"Rainy","battery":70},
{"time":"2019-10-01 04:08:37","animal_name":"Bear","weather":"Cloudy","battery":53},
{"time":"2020-06-11 04:24:08","animal_name":"Squirrel","weather":"Clear","battery":68},
{"time":"2019-10-25 20:40:08","animal_name":"Rabbit","weather":"Clear","battery":72},
{"time":"2019-11-18 21:41:44","animal_name":"Squirrel","weather":"Rainy","battery":62},
{"time":"2020-06-25 22:55:12","animal_name":"Squirrel","weather":"Clear","battery":28},
{"time":"2020-07-21 17:07:41","animal_name":"Rabbit","weather":"Cloudy","battery":97},
{"time":"2019-09-11 01:06:05","animal_name":"Squirrel","weather":"Clear","battery":13},
{"time":"2019-10-21 19:57:15","animal_name":"Rabbit","weather":"Cloudy","battery":31},
{"time":"2019-10-16 20:34:47","animal_name":"Rabbit","weather":"Clear","battery":85},
{"time":"2019-09-21 11:44:47","animal_name":"Rabbit","weather":"Cloudy","battery":57},
{"time":"2019-07-02 18:58:57","animal_name":"Squirrel","weather":"Clear","battery":9},
{"time":"2019-06-27 07:11:23","animal_name":"Squirrel","weather":"Cloudy","battery":57},
{"time":"2019-08-20 06:52:44","animal_name":"Squirrel","weather":"Clear","battery":46},
{"time":"2020-04-01 18:39:32","animal_name":"Squirrel","weather":"Cloudy","battery":2},
{"time":"2019-06-01 17:03:19","animal_name":"Rabbit","weather":"Clear","battery":74},
{"time":"2020-02-21 15:07:04","animal_name":"Deer","weather":"Cloudy","battery":46},
{"time":"2019-10-20 00:20:24","animal_name":"Rabbit","weather":"Clear","battery":86},
{"time":"2020-06-06 18:36:17","animal_name":"Rabbit","weather":"Clear","battery":86},
{"time":"2019-11-22 00:40:38","animal_name":"Rabbit","weather":"Clear","battery":68},
{"time":"2020-02-23 08:19:59","animal_name":"Squirrel","weather":"Clear","battery":87},
{"time":"2020-02-29 18:56:46","animal_name":"Rabbit","weather":"Clear","battery":76},
{"time":"2019-08-15 20:36:12","animal_name":"Rabbit","weather":"Clear","battery":72},
{"time":"2019-07-08 21:05:40","animal_name":"Deer","weather":"Clear","battery":22},
{"time":"2019-10-01 22:00:15","animal_name":"Wolf","weather":"Rainy","battery":53},
{"time":"2020-07-05 00:41:16","animal_name":"Bear","weather":"Clear","battery":68},
{"time":"2019-06-11 02:27:55","animal_name":"Squirrel","weather":"Clear","battery":93},
{"time":"2019-10-22 01:33:02","animal_name":"Rabbit","weather":"Clear","battery":34},
{"time":"2019-10-04 18:47:15","animal_name":"Rabbit","weather":"Cloudy","battery":61},
{"time":"2020-06-05 11:37:48","animal_name":"Bear","weather":"Cloudy","battery":29},
{"time":"2019-08-31 13:47:53","animal_name":"Squirrel","weather":"Clear","battery":95},
{"time":"2020-03-10 22:25:25","animal_name":"Rabbit","weather":"Rainy","battery":76},
{"time":"2019-11-05 06:26:49","animal_name":"Rabbit","weather":"Clear","battery":57},
{"time":"2020-03-22 17:23:01","animal_name":"Deer","weather":"Rainy","battery":64},
{"time":"2020-04-07 05:21:26","animal_name":"Squirrel","weather":"Cloudy","battery":69},
{"time":"2019-10-01 22:25:30","animal_name":"Rabbit","weather":"Storm","battery":38},
{"time":"2019-12-21 19:15:20","animal_name":"Rabbit","weather":"Clear","battery":99},
{"time":"2019-06-27 22:57:24","animal_name":"Rabbit","weather":"Cloudy","battery":50},
{"time":"2020-02-06 08:21:44","animal_name":"Squirrel","weather":"Storm","battery":52},
{"time":"2020-08-07 09:54:23","animal_name":"Rabbit","weather":"Clear","battery":66},
{"time":"2020-06-25 10:03:57","animal_name":"Wolf","weather":"Clear","battery":26},
{"time":"2019-07-10 16:51:06","animal_name":"Rabbit","weather":"Clear","battery":89},
{"time":"2020-07-25 05:44:45","animal_name":"Rabbit","weather":"Clear","battery":79},
{"time":"2019-12-05 12:32:40","animal_name":"Rabbit","weather":"Clear","battery":88},
{"time":"2020-03-18 00:36:12","animal_name":"Squirrel","weather":"Rainy","battery":70},
{"time":"2020-05-02 22:50:19","animal_name":"Rabbit","weather":"Rainy","battery":55},
{"time":"2019-12-15 05:15:26","animal_name":"Squirrel","weather":"Clear","battery":73},
{"time":"2019-10-05 07:52:31","animal_name":"Rabbit","weather":"Clear","battery":3},
{"time":"2020-05-13 18:44:59","animal_name":"Bear","weather":"Cloudy","battery":97},
{"time":"2020-01-27 07:53:51","animal_name":"Squirrel","weather":"Clear","battery":20},
{"time":"2020-01-29 00:06:19","animal_name":"Squirrel","weather":"Clear","battery":72},
{"time":"2020-08-18 09:06:01","animal_name":"Deer","weather":"Cloudy","battery":77},
{"time":"2019-08-02 07:46:51","animal_name":"Squirrel","weather":"Clear","battery":54},
{"time":"2019-06-01 03:01:44","animal_name":"Squirrel","weather":"Rainy","battery":43},
{"time":"2020-04-04 00:43:08","animal_name":"Deer","weather":"Clear","battery":45},
{"time":"2019-11-11 15:29:59","animal_name":"Squirrel","weather":"Rainy","battery":86},
{"time":"2020-08-06 00:42:15","animal_name":"Rabbit","weather":"Rainy","battery":47},
{"time":"2020-03-11 17:42:07","animal_name":"Rabbit","weather":"Clear","battery":96},
{"time":"2019-11-13 20:53:33","animal_name":"Rabbit","weather":"Clear","battery":82},
{"time":"2019-07-05 15:47:22","animal_name":"Squirrel","weather":"Cloudy","battery":41},
{"time":"2020-04-20 16:38:11","animal_name":"Deer","weather":"Cloudy","battery":52},
{"time":"2020-05-26 16:18:15","animal_name":null,"weather":"Rainy","battery":31},
{"time":"2020-03-31 15:27:01","animal_name":"Squirrel","weather":"Cloudy","battery":99},
{"time":"2019-10-30 16:22:03","animal_name":"Deer","weather":"Clear","battery":33},
{"time":"2020-01-22 17:32:22","animal_name":"Rabbit","weather":"Cloudy","battery":41},
{"time":"2019-06-09 00:16:08","animal_name":"Rabbit","weather":"Clear","battery":43},
{"time":"2019-07-08 16:26:10","animal_name":"Bear","weather":"Clear","battery":25},
{"time":"2019-06-14 11:00:39","animal_name":"Rabbit","weather":"Clear","battery":94},
{"time":"2019-07-29 18:47:03","animal_name":"Rabbit","weather":"Cloudy","battery":79},
{"time":"2020-08-05 06:23:51","animal_name":"Squirrel","weather":"Clear","battery":7},
{"time":"2019-09-16 12:17:03","animal_name":"Squirrel","weather":"Cloudy","battery":20},
{"time":"2020-03-21 11:26:44","animal_name":"Deer","weather":"Cloudy","battery":84},
{"time":"2019-08-18 08:40:15","animal_name":"Rabbit","weather":"Clear","battery":29},
{"time":"2020-01-06 10:22:49","animal_name":"Squirrel","weather":"Storm","battery":63},
{"time":"2020-01-22 00:52:52","animal_name":"Deer","weather":"Clear","battery":93},
{"time":"2020-01-12 00:35:23","animal_name":"Squirrel","weather":"Clear","battery":91},
{"time":"2020-01-12 03:09:47","animal_name":"Wolf","weather":"Cloudy","battery":35},
{"time":"2020-07-21 04:31:44","animal_name":"Deer","weather":"Cloudy","battery":50},
{"time":"2019-06-07 17:21:23","animal_name":"Rabbit","weather":"Rainy","battery":2},
{"time":"2020-04-09 20:13:10","animal_name":"Squirrel","weather":"Storm","battery":95},
{"time":"2020-02-26 06:40:24","animal_name":"Squirrel","weather":"Cloudy","battery":44},
{"time":"2019-07-10 03:13:07","animal_name":"Squirrel","weather":"Clear","battery":53},
{"time":"2020-01-21 23:29:10","animal_name":"Squirrel","weather":"Clear","battery":56},
{"time":"2019-06-25 03:09:48","animal_name":"Rabbit","weather":"Rainy","battery":70},
{"time":"2020-03-10 00:42:38","animal_name":"Deer","weather":"Clear","battery":19},
{"time":"2019-06-01 14:17:34","animal_name":"Rabbit","weather":"Clear","battery":22},
{"time":"2020-02-10 09:16:46","animal_name":"Squirrel","weather":"Cloudy","battery":78},
{"time":"2020-07-27 21:54:28","animal_name":"Rabbit","weather":"Rainy","battery":64},
{"time":"2019-06-30 22:08:59","animal_name":"Rabbit","weather":"Clear","battery":41},
{"time":"2019-11-24 03:54:48","animal_name":"Rabbit","weather":"Cloudy","battery":34},
{"time":"2020-08-26 08:49:45","animal_name":"Rabbit","weather":"Clear","battery":68},
{"time":"2019-10-29 03:46:35","animal_name":"Squirrel","weather":"Clear","battery":84},
{"time":"2019-06-04 14:02:37","animal_name":"Squirrel","weather":"Clear","battery":24},
{"time":"2020-01-25 05:17:42","animal_name":"Squirrel","weather":"Clear","battery":13},
{"time":"2020-01-16 19:21:31","animal_name":"Bear","weather":"Clear","battery":5},
{"time":"2019-08-31 20:18:17","animal_name":"Rabbit","weather":"Cloudy","battery":48},
{"time":"2019-07-30 07:31:14","animal_name":"Rabbit","weather":"Clear","battery":85},
{"time":"2019-08-24 19:24:57","animal_name":"Rabbit","weather":"Cloudy","battery":68},
{"time":"2020-04-19 07:57:09","animal_name":null,"weather":"Clear","battery":91}]