[{"time":"2019-11-14 18:57:48","animal_name":"Rabbit","weather":"Clear","battery":93},
{"time":"2019-07-31 17:15:36","animal_name":"Deer","weather":"Clear","battery":53},
{"time":"2019-12-01 09:03:57","animal_name":"Rabbit","weather":"Clear","battery":69},
{"time":"2020-02-09 09:42:40","animal_name":"Rabbit","weather":"Clear","battery":95},
{"time":"2019-09-16 14:45:58","animal_name":"Rabbit","weather":"Rainy","battery":71},
{"time":"2020-06-21 04:56:15","animal_name":"Bear","weather":"Clear","battery":77},
{"time":"2019-09-16 14:40:07","animal_name":"Squirrel","weather":"Rainy","battery":35},
{"time":"2019-07-04 22:15:32","animal_name":"Squirrel","weather":"Clear","battery":42},
{"time":"2020-02-09 02:52:38","animal_name":"Squirrel","weather":"Rainy","battery":32},
{"time":"2020-08-20 14:22:06","animal_name":"Deer","weather":"Clear","battery":43},
{"time":"2019-09-10 06:16:04","animal_name":"Squirrel","weather":"Clear","battery":29},
{"time":"2020-06-18 09:20:24","animal_name":"Wolf","weather":"Rainy","battery":54},
{"time":"2020-02-29 08:52:44","animal_name":"Deer","weather":"Clear","battery":66},
{"time":"2019-07-13 21:43:14","animal_name":"Rabbit","weather":"Clear","battery":90},
{"time":"2020-01-02 10:47:58","animal_name":"Deer","weather":"Rainy","battery":97},
{"time":"2019-08-05 10:08:33","animal_name":"Squirrel","weather":"Cloudy","battery":19},
{"time":"2020-02-17 17:15:01","animal_name":"Rabbit","weather":"Cloudy","battery":78},
{"time":"2019-11-09 10:08:00","animal_name":"Rabbit","weather":"Cloudy","battery":79},
{"time":"2020-05-01 22:35:37","animal_name":"Rabbit","weather":"Rainy","battery":18},
{"time":"2019-10-08 07:16:57","animal_name":"Squirrel","weather":"Clear","battery":22},
{"time":"2020-08-02 18:14:57","animal_name":"Wolf","weather":"Storm","battery":75},
{"time":"2020-05-05 23:36:29","animal_name":"Rabbit","weather":"Clear","battery":81},
{"time":"2019-07-14 21:36:59","animal_name":"Squirrel","weather":"Storm","battery":92},
{"time":"2020-04-29 07:52:10","animal_name":"Rabbit","weather":"Cloudy","battery":40},
{"time":"2020-07-10 22:29:14","animal_name":"Squirrel","weather":"Cloudy","battery":18},
{"time":"2019-10-16 08:04:52","animal_name":"Deer","weather":"Clear","battery":31},
{"time":"2020-06-20 01:49:08","animal_name":"Squirrel","weather":"Clear","battery":34},
{"time":"2019-12-02 15:21:07","animal_name":"Wolf","weather":"Cloudy","battery":19},
{"time":"2019-07-06 13:32:33","animal_name":"Rabbit","weather":"Clear","battery":5},
{"time":"2019-08-16 09:35:48","animal_name":"Rabbit","weather":"Rainy","battery":21},
{"time":"2020-07-13 07:13:27","animal_name":"Rabbit","weather":"Clear","battery":14},
{"time":"2019-09-24 09:18:28","animal_name":"Squirrel","weather":"Clear","battery":84},
{"time":"2020-01-17 01:58:31","animal_name":"Rabbit","weather":"Cloudy","battery":51},
{"time":"2019-09-24 00:40:05","animal_name":"Rabbit","weather":"Cloudy","battery":5},
{"time":"2019-12-04 22:03:33","animal_name":"Wolf","weather":"Rainy","battery":94},
{"time":"2019-10-22 19:00:16","animal_name":"Squirrel","weather":"Clear","battery":6},
{"time":"2019-09-25 07:00:08","animal_name":"Rabbit","weather":"Cloudy","battery":95},
{"time":"2020-03-17 17:45:08","animal_name":"Rabbit","weather":"Rainy","battery":83},
{"time":"2020-07-31 06:50:46","animal_name":"Deer","weather":"Cloudy","battery":95},
{"time":"2020-08-17 16:07:43","animal_name":"Squirrel","weather":"Cloudy","battery":63},
{"time":"2020-07-31 21:41:39","animal_name":"Rabbit","weather":"Clear","battery":59},
{"time":"2019-12-25 19:42:55","animal_name":"Squirrel","weather":"Clear","battery":30},
{"time":"2020-08-14 05:25:10","animal_name":"Squirrel","weather":"Storm","battery":10},
{"time":"2020-03-21 02:14:35","animal_name":"Rabbit","weather":"Rainy","battery":61},
{"time":"2019-09-23 00:44:21","animal_name":"Deer","weather":"Rainy","battery":18},
{"time":"2020-08-21 08:14:33","animal_name":"Squirrel","weather":"Clear","battery":43},
{"time":"2019-12-05 02:49:02","animal_name":"Rabbit","weather":"Cloudy","battery":61},
{"time":"2019-06-26 23:09:55","animal_name":"Rabbit","weather":"Clear","battery":53},
{"time":"2019-11-03 09:30:14","animal_name":"Wolf","weather":"Rainy","battery":30},
{"time":"2020-07-22 15:41:08","animal_name":"Squirrel","weather":"Clear","battery":62},
{"time":"2019-11-01 19:20:54","animal_name":"Squirrel","weather":"Cloudy","battery":88},
{"time":"2019-10-01 11:37:52","animal_name":"Rabbit","weather":"Clear","battery":72},
{"time":"2019-08-10 19:48:10","animal_name":"Squirrel","weather":"Rainy","battery":78},
{"time":"2020-06-06 05:29:11","animal_name":"Rabbit","weather":"Clear","battery":71},
{"time":"2019-11-01 15:02:17","animal_name":"Rabbit","weather":"Clear","battery":23},
{"time":"2019-08-17 06:38:57","animal_name":"Rabbit","weather":"Clear","battery":91},
{"time":"2019-11-21 17:44:42","animal_name":"Wolf","weather":"Clear","battery":83},
{"time":"2020-05-27 02:19:33","animal_name":"Squirrel","weather":"Clear","battery":24},
{"time":"2020-01-28 14:53:04","animal_name":"Squirrel","weather":"Clear","battery":47},
{"time":"2020-06-24 04:58:36","animal_name":"Squirrel","weather":"Clear","battery":51},
{"time":"2019-07-28 08:59:47","animal_name":"Squirrel","weather":"Rainy","battery":94},
{"time":"2020-06-23 17:51:45","animal_name":"Bear","weather":"Clear","battery":32},
{"time":"2020-01-09 03:08:09","animal_name":"Squirrel","weather":"Cloudy","battery":60},
{"time":"2019-06-11 18:07:06","animal_name":"Deer","weather":"Cloudy","battery":47},
{"time":"2020-01-11 05:08:17","animal_name":null,"weather":"Rainy","battery":49},
{"time":"2019-10-07 15:52:53","animal_name":"Squirrel","weather":"Clear","battery":86},
{"time":"2020-03-02 16:01:27","animal_name":"Rabbit","weather":"Clear","battery":33},
{"time":"2020-07-20 10:12:31","animal_name":"Rabbit","weather":"Clear","battery":30},
{"time":"2019-06-23 14:45:23","animal_name":"Rabbit","weather":"Clear","battery":94},
{"time":"2020-02-02 02:40:40","animal_name":"Squirrel","weather":"Clear","battery":18},
{"time":"2020-04-06 18:28:08","animal_name":"Squirrel","weather":"Clear","battery":30},
{"time":"2019-06-22 20:47:00","animal_name":"Squirrel","weather":"Rainy","battery":51},
{"time":"2020-08-24 03:17:06","animal_name":"Squirrel","weather":"Cloudy","battery":56},
{"time":"2020-06-12 04:38:33","animal_name":"Deer","weather":"Clear","battery":84},
{"time":"2020-02-26 14:49:07","animal_name":"Rabbit","weather":"Cloudy","battery":57},
{"time":"2020-02-15 20:00:13","animal_name":"Deer","weather":"Rainy","battery":86},
{"time":"2020-08-05 18:27:58","animal_name":"Rabbit","weather":"Cloudy","battery":16},
{"time":"2020-05-23 14:44:36","animal_name":"Deer","weather":"Clear","battery":25},
{"time":"2020-01-18 11:03:47","animal_name":"Rabbit","weather":"Cloudy","battery":82},
{"time":"2020-03-02 01:23:58","animal_name":"Rabbit","weather":"Cloudy","battery":31},
{"time":"2020-04-01 05:05:10","animal_name":"Rabbit","weather":"Cloudy","battery":87},
{"time":"2019-08-27 18:34:03","animal_name":"Rabbit","weather":"Cloudy","battery":43},
{"time":"2019-08-06 17:19:06","animal_name":"Squirrel","weather":"Clear","battery":89},
{"time":"2020-07-28 06:06:41","animal_name":"Squirrel","weather":"Clear","battery":56},
{"time":"2020-01-19 12:35:41","animal_name":"Rabbit","weather":"Cloudy","battery":86},
{"time":"2020-01-27 13:11:47","animal_name":"Rabbit","weather":"Clear","battery":96},
{"time":"2020-01-03 00:00:16","animal_name":"Deer","weather":"Cloudy","battery":95},
{"time":"2020-02-06 04:14:07","animal_name":"Rabbit","weather":"Clear","battery":95},
{"time":"2020-04-05 15:52:29","animal_name":"Rabbit","weather":"Clear","battery":80},
{"time":"2020-01-12 14:40:30","animal_name":"Squirrel","weather":"Clear","battery":60},
{"time":"2020-04-10 20:25:05","animal_name":"Squirrel","weather":"Cloudy","battery":31},
{"time":"2019-12-09 01:42:45","animal_name":"Rabbit","weather":"Cloudy","battery":20},
{"time":"2019-09-22 13:02:50","animal_name":"Rabbit","weather":"Clear","battery":100},
{"time":"2020-05-02 20:24:09","animal_name":"Squirrel","weather":"Clear","battery":70},
{"time":"2019-08-05 16:52:35","animal_name":"Squirrel","weather":"Clear","battery":10},
{"time":"2020-04-09 04:51:35","animal_name":"Squirrel","weather":"Cloudy","battery":32},
{"time":"2020-02-11 23:12:50","animal_name":"Squirrel","weather":"Clear","battery":31},
{"time":"2019-06-26 12:41:52","animal_name":"Rabbit","weather":"Clear","battery":31},
{"time":"2019-11-04 07:26:15","animal_name":"Squirrel","weather":"Rainy","battery":63},
{"time":"2020-07-12 09:17:29","animal_name":"Rabbit","weather":"Cloudy","battery":8}]