[{"time":"2020-01-01 15:22:42","animal_name":"Squirrel","weather":"Cloudy","battery":51},
{"time":"2020-02-06 07:00:57","animal_name":"Squirrel","weather":"Clear","battery":27},
{"time":"2019-06-20 02:39:24","animal_name":"Deer","weather":"Clear","battery":28},
{"time":"2019-10-25 23:47:27","animal_name":"Squirrel","weather":"Storm","battery":63},
{"time":"2020-03-09 16:37:05","animal_name":"Rabbit","weather":"Clear","battery":92},
{"time":"2019-10-08 21:26:47","animal_name":"Rabbit","weather":"Rainy","battery":77},
{"time":"2020-02-23 00:59:50","animal_name":"Bear","weather":"Cloudy","battery":51},
{"time":"2020-01-05 15:39:42","animal_name":"Rabbit","weather":"Cloudy","battery":41},
{"time":"2020-03-08 00:16:54","animal_name":"Squirrel","weather":"Rainy","battery":20},
{"time":"2019-11-14 15:44:02","animal_name":"Squirrel","weather":"Clear","battery":47},
{"time":"2020-07-09 23:28:02","animal_name":"Squirrel","weather":"Storm","battery":97},
{"time":"2020-02-24 00:30:34","animal_name":"Rabbit","weather":"Rainy","battery":68},
{"time":"2020-01-26 15:18:23","animal_name":"Deer","weather":"Rainy","battery":51},
{"time":"2019-10-10 02:20:15","animal_name":"Deer","weather":"Clear","battery":68},
{"time":"2019-12-10 14:43:45","animal_name":"Squirrel","weather":"Clear","battery":53},
{"time":"2020-04-01 11:30:57","animal_name":"Rabbit","weather":"Clear","battery":62},
{"time":"2019-12-22 20:49:47","animal_name":"Rabbit","weather":"Clear","battery":91},
{"time":"2020-03-28 19:19:15","animal_name":"Rabbit","weather":"Clear","battery":19},
{"time":"2019-08-20 16:30:38","animal_name":"Rabbit","weather":"Storm","battery":36},
{"time":"2019-10-09 09:04:49","animal_name":"Deer","weather":"Rainy","battery":35},
{"time":"2020-03-07 09:55:43","animal_name":"Squirrel","weather":"Clear","battery":58},
{"time":"2019-07-15 05:42:01","animal_name":"Squirrel","weather":"Cloudy","battery":60},
{"time":"2019-08-14 09:59:59","animal_name":"Rabbit","weather":"Clear","battery":77},
{"time":"2019-11-27 13:16:32","animal_name":"Squirrel","weather":"Cloudy","battery":56},
{"time":"2020-04-14 05:09:02","animal_name":"Rabbit","weather":"Rainy","battery":89},
{"time":"2020-08-19 02:10:12","animal_name":"Rabbit","weather":"Clear","battery":100},
{"time":"2020-03-30 05:56:31","animal_name":"Rabbit","weather":"Clear","battery":74},
{"time":"2019-08-21 07:46:46","animal_name":"Squirrel","weather":"Cloudy","battery":20},
{"time":"2019-10-02 18:27:17","animal_name":"Squirrel","weather":"Clear","battery":64},
{"time":"2020-01-06 15:19:18","animal_name":"Rabbit","weather":"Cloudy","battery":95},
{"time":"2020-05-22 17:55:01","animal_name":"Squirrel","weather":"Cloudy","battery":54},
{"time":"2020-07-26 12:38:49","animal_name":"Rabbit","weather":"Clear","battery":64},
{"time":"2020-08-20 07:00:33","animal_name":"Squirrel","weather":"Rainy","battery":66},
{"time":"2020-06-06 05:26:33","animal_name":"Rabbit","weather":"Clear","battery":54},
{"time":"2019-07-25 10:17:29","animal_name":"Rabbit","weather":"Rainy","battery":80},
{"time":"2020-02-18 16:41:30","animal_name":"Rabbit","weather":"Clear","battery":46},
{"time":"2020-02-25 13:47:47","animal_name":"Squirrel","weather":"Rainy","battery":100},
{"time":"2020-02-28 20:02:46","animal_name":"Squirrel","weather":"Clear","battery":63},
{"time":"2020-01-13 15:45:38","animal_name":"Rabbit","weather":"Clear","battery":76},
{"time":"2020-03-30 04:00:41","animal_name":"Rabbit","weather":"Cloudy","battery":86},
{"time":"2019-11-30 04:47:16","animal_name":"Rabbit","weather":"Cloudy","battery":97},
{"time":"2020-06-02 01:14:54","animal_name":"Bear","weather":"Rainy","battery":29},
{"time":"2020-05-16 01:37:18","animal_name":"Rabbit","weather":"Clear","battery":89},
{"time":"2020-06-28 07:35:38","animal_name":"Rabbit","weather":"Clear","battery":20},
{"time":"2019-06-10 19:27:56","animal_name":"Squirrel","weather":"Clear","battery":28},
{"time":"2020-05-26 06:35:16","animal_name":"Squirrel","weather":"Cloudy","battery":63},
{"time":"2020-07-07 16:45:07","animal_name":"Squirrel","weather":"Clear","battery":2},
{"time":"2019-10-05 23:05:10","animal_name":"Squirrel","weather":"Clear","battery":6},
{"time":"2019-08-22 05:12:13","animal_name":"Rabbit","weather":"Clear","battery":59},
{"time":"2020-06-12 04:55:26","animal_name":"Rabbit","weather":"Rainy","battery":34},
{"time":"2020-07-26 23:26:13","animal_name":"Deer","weather":"Clear","battery":32},
{"time":"2020-08-21 03:39:04","animal_name":"Squirrel","weather":"Clear","battery":6},
{"time":"2020-07-30 12:29:38","animal_name":"Deer","weather":"Rainy","battery":23},
{"time":"2020-03-08 16:07:11","animal_name":"Squirrel","weather":"Rainy","battery":47},
{"time":"2019-06-10 00:36:26","animal_name":"Rabbit","weather":"Clear","battery":46},
{"time":"2020-05-21 05:40:35","animal_name":"Squirrel","weather":"Clear","battery":84},
{"time":"2020-06-05 22:06:27","animal_name":"Rabbit","weather":"Cloudy","battery":86},
{"time":"2020-04-12 11:25:26","animal_name":"Squirrel","weather":"Clear","battery":14},
{"time":"2019-09-01 18:14:34","animal_name":"Squirrel","weather":"Clear","battery":65},
{"time":"2019-06-07 18:08:22","animal_name":"Rabbit","weather":"Cloudy","battery":62},
{"time":"2020-06-16 11:52:07","animal_name":"Squirrel","weather":"Cloudy","battery":70},
{"time":"2020-06-26 14:10:46","animal_name":"Rabbit","weather":"Rainy","battery":27},
{"time":"2019-08-19 11:15:09","animal_name":"Rabbit","weather":"Clear","battery":28},
{"time":"2020-08-20 12:10:45","animal_name":"Squirrel","weather":"Clear","battery":84},
{"time":"2019-11-14 01:09:05","animal_name":"Rabbit","weather":"Cloudy","battery":74},
{"time":"2019-10-16 14:00:30","animal_name":"Rabbit","weather":"Clear","battery":47},
{"time":"2019-09-13 14:34:11","animal_name":"Rabbit","weather":"Rainy","battery":45},
{"time":"2019-12-17 05:58:34","animal_name":"Squirrel","weather":"Clear","battery":94},
{"time":"2019-10-12 17:11:04","animal_name":"Rabbit","weather":"Rainy","battery":85},
{"time":"2020-07-25 12:21:49","animal_name":"Deer","weather":"Clear","battery":27},
{"time":"2020-04-17 17:57:21","animal_name":"Deer","weather":"Rainy","battery":6},
{"time":"2020-08-14 07:54:05","animal_name":"Rabbit","weather":"Storm","battery":33},
{"time":"2020-08-14 02:38:00","animal_name":"Rabbit","weather":"Clear","battery":22},
{"time":"2020-04-21 14:03:11","animal_name":"Squirrel","weather":"Cloudy","battery":16},
{"time":"2019-09-18 08:57:15","animal_name":"Rabbit","weather":"Storm","battery":76},
{"time":"2019-10-15 19:04:10","animal_name":"Squirrel","weather":"Cloudy","battery":57},
{"time":"2020-05-16 06:03:45","animal_name":"Squirrel","weather":"Clear","battery":83},
{"time":"2020-04-03 21:49:52","animal_name":"Wolf","weather":"Clear","battery":48},
{"time":"2020-01-18 09:18:07","animal_name":"Squirrel","weather":"Clear","battery":46},
{"time":"2019-11-27 23:10:55","animal_name":"Rabbit","weather":"Clear","battery":41},
{"time":"2019-07-27 00:45:58","animal_name":null,"weather":"Cloudy","battery":38},
{"time":"2020-06-11 08:32:24","animal_name":"Rabbit","weather":"Storm","battery":20},
{"time":"2019-12-08 03:54:09","animal_name":"Rabbit","weather":"Clear","battery":91},
{"time":"2019-07-25 04:52:42","animal_name":"Rabbit","weather":"Clear","battery":50},
{"time":"2020-04-28 17:52:38","animal_name":"Rabbit","weather":"Clear","battery":65},
{"time":"2020-08-23 00:49:40","animal_name":"Deer","weather":"Storm","battery":12},
{"time":"2019-11-20 00:46:00","animal_name":"Squirrel","weather":"Clear","battery":87},
{"time":"2019-07-02 10:01:05","animal_name":"Rabbit","weather":"Clear","battery":13},
{"time":"2019-10-25 09:48:00","animal_name":"Rabbit","weather":"Cloudy","battery":8},
{"time":"2020-07-23 21:58:56","animal_name":"Rabbit","weather":"Clear","battery":13},
{"time":"2020-01-18 12:00:07","animal_name":"Rabbit","weather":"Storm","battery":28},
{"time":"2020-04-03 09:42:15","animal_name":"Bear","weather":"Cloudy","battery":70},
{"time":"2020-04-07 15:56:00","animal_name":"Rabbit","weather":"Clear","battery":77},
{"time":"2019-11-28 03:03:01","animal_name":"Rabbit","weather":"Rainy","battery":27},
{"time":"2019-10-18 02:55:36","animal_name":"Rabbit","weather":"Rainy","battery":20},
{"time":"2019-09-22 10:10:13","animal_name":"Rabbit","weather":"Clear","battery":32},
{"time":"2020-03-20 07:39:44","animal_name":"Squirrel","weather":"Clear","battery":71},
{"time":"2019-07-24 07:39:33","animal_name":"Squirrel","weather":"Clear","battery":25},
{"time":"2020-03-09 22:13:57","animal_name":"Rabbit","weather":"Cloudy","battery":3},
{"time":"2020-08-29 12:50:19","animal_name":"Squirrel","weather":"Clear","battery":90}]