[{"time":"2019-07-08 09:26:34","animal_name":"Rabbit","weather":"Clear","battery":2},
{"time":"2020-03-23 18:13:20","animal_name":"Squirrel","weather":"Clear","battery":84},
{"time":"2019-06-10 10:18:27","animal_name":"Rabbit","weather":"Rainy","battery":62},
{"time":"2020-04-08 22:57:18","animal_name":"Squirrel","weather":"Cloudy","battery":17},
{"time":"2020-01-04 07:58:01","animal_name":"Deer","weather":"Clear","battery":28},
{"time":"2019-10-13 06:09:15","animal_name":"Squirrel","weather":"Clear","battery":88},
{"time":"2019-07-12 17:11:51","animal_name":"Squirrel","weather":"Clear","battery":87},
{"time":"2020-04-13 18:31:10","animal_name":"Squirrel","weather":"Clear","battery":96},
{"time":"2020-03-18 23:48:49","animal_name":null,"weather":"Cloudy","battery":100},
{"time":"2020-05-25 03:55:39","animal_name":"Squirrel","weather":"Cloudy","battery":88},
{"time":"2020-06-26 08:23:57","animal_name":"Rabbit","weather":"Clear","battery":80},
{"time":"2020-04-23 02:03:29","animal_name":"Deer","weather":"Clear","battery":50},
{"time":"2020-04-12 01:05:49","animal_name":"Squirrel","weather":"Rainy","battery":36},
{"time":"2019-10-01 11:23:25","animal_name":"Squirrel","weather":"Clear","battery":12},
{"time":"2020-07-02 01:45:25","animal_name":"Squirrel","weather":"Clear","battery":55},
{"time":"2019-08-03 19:02:53","animal_name":"Squirrel","weather":"Rainy","battery":55},
{"time":"2020-01-13 06:00:09","animal_name":"Rabbit","weather":"Cloudy","battery":46},
{"time":"2019-06-29 02:46:31","animal_name":"Rabbit","weather":"Rainy","battery":96},
{"time":"2019-11-20 12:08:20","animal_name":"Rabbit","weather":"Clear","battery":7},
{"time":"2020-05-02 07:46:14","animal_name":"Rabbit","weather":"Rainy","battery":3},
{"time":"2019-11-22 09:23:05","animal_name":"Rabbit","weather":"Cloudy","battery":39},
{"time":"2019-08-17 07:58:39","animal_name":"Rabbit","weather":"Clear","battery":40},
{"time":"2020-01-09 09:00:29","animal_name":"Rabbit","weather":"Rainy","battery":62},
{"time":"2020-05-02 03:23:45","animal_name":"Rabbit","weather":"Clear","battery":65},
{"time":"2019-09-02 14:50:38","animal_name":"Rabbit","weather":"Clear","battery":51},
{"time":"2019-12-25 01:25:00","animal_name":"Squirrel","weather":"Cloudy","battery":72},
{"time":"2020-04-16 02:58:40","animal_name":"Squirrel","weather":"Rainy","battery":60},
{"time":"2019-09-19 16:11:18","animal_name":"Rabbit","weather":"Cloudy","battery":53},
{"time":"2020-01-03 02:29:36","animal_name":"Deer","weather":"Rainy","battery":35},
{"time":"2019-06-12 05:27:40","animal_name":"Squirrel","weather":"Rainy","battery":56},
{"time":"2020-01-10 21:55:59","animal_name":"Rabbit","weather":"Cloudy","battery":30},
{"time":"2020-05-07 04:11:07","animal_name":"Squirrel","weather":"Clear","battery":23},
{"time":"2020-04-22 18:18:49","animal_name":"Squirrel","weather":"Storm","battery":11},
{"time":"2020-08-26 20:35:20","animal_name":"Deer","weather":"Clear","battery":1},
{"time":"2020-06-17 13:23:44","animal_name":"Rabbit","weather":"Storm","battery":31},
{"time":"2020-04-16 23:13:24","animal_name":"Deer","weather":"Clear","battery":31},
{"time":"2019-09-21 12:38:42","animal_name":"Rabbit","weather":"Rainy","battery":100},
{"time":"2019-11-20 20:06:44","animal_name":"Squirrel","weather":"Cloudy","battery":44},
{"time":"2020-05-11 12:15:11","animal_name":"Deer","weather":"Clear","battery":38},
{"time":"2019-09-01 11:40:53","animal_name":"Bear","weather":"Clear","battery":61},
{"time":"2020-03-26 01:50:51","animal_name":"Wolf","weather":"Rainy","battery":89},
{"time":"2020-05-26 07:53:30","animal_name":"Squirrel","weather":"Cloudy","battery":41},
{"time":"2020-01-30 08:58:03","animal_name":"Deer","weather":"Clear","battery":45},
{"time":"2020-01-13 11:31:33","animal_name":"Rabbit","weather":"Rainy","battery":26},
{"time":"2020-02-03 04:19:27","animal_name":"Rabbit","weather":"Rainy","battery":4},
{"time":"2020-02-10 00:57:13","animal_name":"Rabbit","weather":"Storm","battery":97},
{"time":"2020-07-10 22:35:38","animal_name":"Rabbit","weather":"Clear","battery":10},
{"time":"2019-06-23 04:44:51","animal_name":"Wolf","weather":"Cloudy","battery":10},
{"time":"2020-04-13 21:30:41","animal_name":"Rabbit","weather":"Storm","battery":65},
{"time":"2020-03-06 16:49:40","animal_name":"Rabbit","weather":"Clear","battery":42},
{"time":"2019-10-08 17:36:12","animal_name":"Rabbit","weather":"Clear","battery":92},
{"time":"2019-08-30 06:28:55","animal_name":"Deer","weather":"Cloudy","battery":42},
{"time":"2020-07-09 02:37:31","animal_name":"Rabbit","weather":"Rainy","battery":71},
{"time":"2019-09-02 22:42:15","animal_name":"Squirrel","weather":"Clear","battery":44},
{"time":"2020-05-26 16:44:46","animal_name":"Rabbit","weather":"Clear","battery":48},
{"time":"2020-07-09 06:30:54","animal_name":"Deer","weather":"Clear","battery":54},
{"time":"2019-06-21 08:13:06","animal_name":"Squirrel","weather":"Clear","battery":24},
{"time":"2020-07-29 11:08:13","animal_name":"Rabbit","weather":"Cloudy","battery":44},
{"time":"2019-11-07 17:55:00","animal_name":"Squirrel","weather":"Rainy","battery":35},
{"time":"2020-04-10 23:28:38","animal_name":"Rabbit","weather":"Clear","battery":27},
{"time":"2020-04-14 09:53:05","animal_name":"Rabbit","weather":"Clear","battery":25},
{"time":"2019-10-09 06:10:31","animal_name":"Rabbit","weather":"Clear","battery":57},
{"time":"2019-11-26 13:42:11","animal_name":"Squirrel","weather":"Clear","battery":92},
{"time":"2019-12-20 19:03:04","animal_name":"Deer","weather":"Cloudy","battery":45},
{"time":"2019-12-26 21:50:09","animal_name":"Rabbit","weather":"Clear","battery":95},
{"time":"2020-05-28 22:50:07","animal_name":"Rabbit","weather":"Clear","battery":31},
{"time":"2020-01-23 14:14:58","animal_name":"Rabbit","weather":"Cloudy","battery":83},
{"time":"2019-10-01 14:26:44","animal_name":"Squirrel","weather":"Cloudy","battery":14},
{"time":"2019-12-17 07:36:18","animal_name":"Squirrel","weather":"Storm","battery":93},
{"time":"2020-08-05 18:40:04","animal_name":"Rabbit","weather":"Cloudy","battery":94},
{"time":"2020-04-13 08:34:54","animal_name":"Rabbit","weather":"Storm","battery":3},
{"time":"2020-07-30 13:55:56","animal_name":"Squirrel","weather":"Rainy","battery":100},
{"time":"2020-01-03 19:43:00","animal_name":"Bear","weather":"Cloudy","battery":84},
{"time":"2019-10-07 22:59:53","animal_name":"Squirrel","weather":"Clear","battery":64},
{"time":"2020-07-29 23:42:55","animal_name":"Rabbit","weather":"Clear","battery":91},
{"time":"2020-02-13 07:45:17","animal_name":"Rabbit","weather":"Cloudy","battery":100},
{"time":"2019-11-24 03:21:38","animal_name":"Rabbit","weather":"Cloudy","battery":100},
{"time":"2020-08-16 13:19:44","animal_name":"Squirrel","weather":"Cloudy","battery":8},
{"time":"2020-04-02 06:50:49","animal_name":"Squirrel","weather":"Clear","battery":86},
{"time":"2019-09-13 01:23:34","animal_name":"Rabbit","weather":"Cloudy","battery":9},
{"time":"2020-07-18 00:12:23","animal_name":"Deer","weather":"Clear","battery":80},
{"time":"2020-07-20 01:11:27","animal_name":"Rabbit","weather":"Cloudy","battery":90},
{"time":"2020-07-30 03:02:08","animal_name":"Rabbit","weather":"Cloudy","battery":39},
{"time":"2019-06-11 15:39:35","animal_name":"Squirrel","weather":"Cloudy","battery":58},
{"time":"2020-05-15 14:23:57","animal_name":"Squirrel","weather":"Clear","battery":66},
{"time":"2019-07-04 08:21:11","animal_name":"Rabbit","weather":"Cloudy","battery":61},
{"time":"2020-04-11 04:30:10","animal_name":"Rabbit","weather":"Clear","battery":19},
{"time":"2020-07-06 00:52:31","animal_name":"Squirrel","weather":"Cloudy","battery":57},
{"time":"2019-09-12 17:01:51","animal_name":"Wolf","weather":"Clear","battery":100},
{"time":"2020-05-20 01:58:30","animal_name":"Deer","weather":"Clear","battery":37},
{"time":"2020-05-24 21:22:00","animal_name":"Rabbit","weather":"Clear","battery":61},
{"time":"2019-11-18 19:31:30","animal_name":"Rabbit","weather":"Clear","battery":72},
{"time":"2019-11-10 23:45:35","animal_name":"Rabbit","weather":"Clear","battery":52},
{"time":"2019-10-19 20:01:09","animal_name":"Rabbit","weather":"Cloudy","battery":9},
{"time":"2020-07-03 21:49:14","animal_name":"Deer","weather":"Clear","battery":26},
{"time":"2019-07-29 16:53:33","animal_name":"Deer","weather":"Clear","battery":54},
{"time":"2020-02-09 20:57:12","animal_name":"Wolf","weather":"Cloudy","battery":19},
{"time":"2020-05-14 09:50:32","animal_name":"Rabbit","weather":"Clear","battery":49},
{"time":"2020-01-15 18:26:22","animal_name":"Bear","weather":"Rainy","battery":46},
{"time":"2019-10-28 00:09:42","animal_name":null,"weather":"Clear","battery":100}]