[{"time":"2019-11-25 12:07:54","animal_name":"Rabbit","weather":"Storm","battery":20},
{"time":"2020-02-28 13:56:38","animal_name":"Rabbit","weather":"Cloudy","battery":16},
{"time":"2020-03-24 10:23:54","animal_name":"Squirrel","weather":"Clear","battery":78},
{"time":"2020-05-08 06:18:29","animal_name":"Rabbit","weather":"Cloudy","battery":16},
{"time":"2020-07-20 06:49:04","animal_name":"Squirrel","weather":"Clear","battery":52},
{"time":"2020-07-19 17:23:54","animal_name":"Squirrel","weather":"Clear","battery":78},
{"time":"2020-01-19 05:02:06","animal_name":"Rabbit","weather":"Cloudy","battery":43},
{"time":"2020-06-25 19:15:58","animal_name":"Rabbit","weather":"Clear","battery":97},
{"time":"2020-02-23 21:57:41","animal_name":"Rabbit","weather":"Cloudy","battery":34},
{"time":"2019-12-17 09:27:04","animal_name":"Rabbit","weather":"Clear","battery":83},
{"time":"2020-08-08 11:09:56","animal_name":"Deer","weather":"Rainy","battery":7},
{"time":"2019-06-14 13:08:20","animal_name":"Squirrel","weather":"Cloudy","battery":67},
{"time":"2020-01-12 06:24:45","animal_name":"Rabbit","weather":"Storm","battery":19},
{"time":"2020-02-16 07:19:11","animal_name":null,"weather":"Rainy","battery":13},
{"time":"2019-06-06 19:31:30","animal_name":"Squirrel","weather":"Rainy","battery":89},
{"time":"2020-08-15 09:10:39","animal_name":"Bear","weather":"Cloudy","battery":92},
{"time":"2020-07-30 22:33:03","animal_name":"Squirrel","weather":"Cloudy","battery":61},
{"time":"2020-02-12 18:58:18","animal_name":"Squirrel","weather":"Clear","battery":83},
{"time":"2020-01-24 22:36:49","animal_name":"Squirrel","weather":"Clear","battery":67},
{"time":"2020-03-07 04:54:05","animal_name":"Squirrel","weather":"Rainy","battery":93},
{"time":"2020-02-13 17:50:54","animal_name":"Bear","weather":"Rainy","battery":26},
{"time":"2020-04-14 00:00:19","animal_name":"Rabbit","weather":"Clear","battery":99},
{"time":"2019-06-14 14:58:04","animal_name":null,"weather":"Clear","battery":66},
{"time":"2020-04-20 15:34:37","animal_name":"Rabbit","weather":"Clear","battery":18},
{"time":"2019-12-30 16:36:56","animal_name":"Rabbit","weather":"Rainy","battery":3},
{"time":"2020-06-10 20:09:39","animal_name":"Deer","weather":"Cloudy","battery":96},
{"time":"2019-11-19 13:04:48","animal_name":"Squirrel","weather":"Clear","battery":48},
{"time":"2020-01-10 13:05:41","animal_name":"Squirrel","weather":"Clear","battery":8},
{"time":"2020-04-14 09:11:43","animal_name":"Squirrel","weather":"Clear","battery":23},
{"time":"2019-07-11 17:04:36","animal_name":null,"weather":"Cloudy","battery":51},
{"time":"2020-01-12 21:03:32","animal_name":"Squirrel","weather":"Clear","battery":78},
{"time":"2019-11-05 04:16:31","animal_name":"Squirrel","weather":"Clear","battery":16},
{"time":"2019-07-25 06:26:34","animal_name":"Rabbit","weather":"Clear","battery":91},
{"time":"2020-01-31 17:00:26","animal_name":"Deer","weather":"Cloudy","battery":89},
{"time":"2019-10-17 15:35:48","animal_name":"Rabbit","weather":"Clear","battery":13},
{"time":"2020-04-27 17:39:44","animal_name":"Squirrel","weather":"Cloudy","battery":8},
{"time":"2019-12-08 18:45:50","animal_name":"Squirrel","weather":"Clear","battery":47},
{"time":"2019-07-12 13:53:45","animal_name":"Rabbit","weather":"Rainy","battery":88},
{"time":"2019-08-19 21:26:41","animal_name":"Rabbit","weather":"Storm","battery":22},
{"time":"2020-06-10 12:04:43","animal_name":"Rabbit","weather":"Clear","battery":80},
{"time":"2020-05-18 01:29:12","animal_name":"Rabbit","weather":"Cloudy","battery":67},
{"time":"2020-07-01 23:04:09","animal_name":"Squirrel","weather":"Clear","battery":15},
{"time":"2019-08-16 03:41:11","animal_name":"Rabbit","weather":"Cloudy","battery":81},
{"time":"2019-11-04 17:00:27","animal_name":"Wolf","weather":"Clear","battery":31},
{"time":"2019-07-15 07:38:37","animal_name":"Rabbit","weather":"Rainy","battery":85},
{"time":"2019-06-21 15:38:19","animal_name":"Squirrel","weather":"Cloudy","battery":67},
{"time":"2019-06-01 20:58:23","animal_name":"Wolf","weather":"Cloudy","battery":24},
{"time":"2019-12-02 16:51:19","animal_name":"Rabbit","weather":"Clear","battery":15},
{"time":"2019-11-16 21:33:42","animal_name":"Rabbit","weather":"Cloudy","battery":73},
{"time":"2020-01-02 09:11:42","animal_name":"Rabbit","weather":"Cloudy","battery":18},
{"time":"2019-06-15 19:55:28","animal_name":"Bear","weather":"Clear","battery":99},
{"time":"2019-09-27 10:37:28","animal_name":"Squirrel","weather":"Cloudy","battery":54},
{"time":"2019-12-15 03:25:15","animal_name":"Rabbit","weather":"Clear","battery":66},
{"time":"2020-01-06 17:42:22","animal_name":"Rabbit","weather":"Cloudy","battery":88},
{"time":"2019-08-06 13:40:56","animal_name":"Squirrel","weather":"Cloudy","battery":66},
{"time":"2019-08-30 10:03:24","animal_name":"Rabbit","weather":"Clear","battery":84},
{"time":"2020-02-04 10:40:30","animal_name":"Rabbit","weather":"Clear","battery":9},
{"time":"2020-02-23 07:46:47","animal_name":"Deer","weather":"Clear","battery":88},
{"time":"2019-06-29 13:50:02","animal_name":"Wolf","weather":"Clear","battery":10},
{"time":"2019-10-27 06:38:00","animal_name":"Squirrel","weather":"Cloudy","battery":9},
{"time":"2020-02-09 08:07:36","animal_name":"Deer","weather":"Cloudy","battery":59},
{"time":"2020-07-23 20:59:08","animal_name":"Rabbit","weather":"Storm","battery":10},
{"time":"2019-11-17 01:32:28","animal_name":"Rabbit","weather":"Rainy","battery":32},
{"time":"2019-09-08 12:10:01","animal_name":null,"weather":"Clear","battery":10},
{"time":"2019-11-28 02:02:50","animal_name":"Squirrel","weather":"Storm","battery":84},
{"time":"2020-04-01 21:42:42","animal_name":"Rabbit","weather":"Clear","battery":1},
{"time":"2019-06-19 16:49:56","animal_name":"Squirrel","weather":"Clear","battery":37},
{"time":"2019-06-18 11:28:34","animal_name":"Bear","weather":"Clear","battery":67},
{"time":"2019-11-26 17:50:35","animal_name":"Rabbit","weather":"Rainy","battery":50},
{"time":"2020-07-02 11:16:07","animal_name":"Squirrel","weather":"Clear","battery":83},
{"time":"2020-02-15 16:19:56","animal_name":"Bear","weather":"Clear","battery":65},
{"time":"2019-12-22 11:43:07","animal_name":"Squirrel","weather":"Clear","battery":29},
{"time":"2020-01-04 16:21:12","animal_name":"Deer","weather":"Clear","battery":28},
{"time":"2020-07-21 12:23:48","animal_name":"Squirrel","weather":"Rainy","battery":94},
{"time":"2020-04-28 15:31:38","animal_name":"Rabbit","weather":"Clear","battery":70},
{"time":"2020-02-20 05:15:33","animal_name":"Squirrel","weather":"Storm","battery":98},
{"time":"2020-03-22 22:19:22","animal_name":"Squirrel","weather":"Clear","battery":30},
{"time":"2019-09-27 05:45:55","animal_name":"Squirrel","weather":"Clear","battery":83},
{"time":"2019-10-24 06:49:24","animal_name":"Deer","weather":"Cloudy","battery":64},
{"time":"2020-07-27 00:05:32","animal_name":"Deer","weather":"Clear","battery":40},
{"time":"2020-05-17 07:31:51","animal_name":"Squirrel","weather":"Clear","battery":90},
{"time":"2020-04-24 19:02:39","animal_name":"Rabbit","weather":"Cloudy","battery":78},
{"time":"2019-11-05 12:52:50","animal_name":"Squirrel","weather":"Clear","battery":5},
{"time":"2019-07-18 22:29:51","animal_name":"Rabbit","weather":"Clear","battery":63},
{"time":"2020-03-31 00:33:20","animal_name":"Rabbit","weather":"Rainy","battery":61},
{"time":"2020-07-13 02:05:15","animal_name":"Rabbit","weather":"Cloudy","battery":41},
{"time":"2020-05-18 06:27:41","animal_name":"Rabbit","weather":"Cloudy","battery":58},
{"time":"2019-07-18 18:42:49","animal_name":"Deer","weather":"Clear","battery":58},
{"time":"2019-06-28 00:44:46","animal_name":"Rabbit","weather":"Clear","battery":29},
{"time":"2019-06-19 03:00:45","animal_name":"Rabbit","weather":"Cloudy","battery":31},
{"time":"2020-08-23 15:31:05","animal_name":"Rabbit","weather":"Cloudy","battery":72},
{"time":"2020-04-28 16:30:00","animal_name":"Squirrel","weather":"Rainy","battery":72},
{"time":"2020-06-25 23:06:09","animal_name":"Rabbit","weather":"Cloudy","battery":73},
{"time":"2020-01-16 10:48:00","animal_name":"Deer","weather":"Clear","battery":21},
{"time":"2019-08-23 14:41:42","animal_name":"Squirrel","weather":"Rainy","battery":83},
{"time":"2020-08-22 08:13:04","animal_name":"Bear","weather":"Rainy","battery":38},
{"time":"2019-12-09 02:14:06","animal_name":"Wolf","weather":"Cloudy","battery":36},
{"time":"2019-07-07 23:47:56","animal_name":"Wolf","weather":"Clear","battery":3},
{"time":"2020-07-15 23:15:08","animal_name":"Squirrel","weather":"Cloudy","battery":75},
{"time":"2020-02-10 18:11:35","animal_name":"Rabbit","weather":"Cloudy","battery":59}]