[{"time":"2019-12-22 13:04:45","animal_name":"Squirrel","weather":"Cloudy","battery":93},
{"time":"2019-08-19 16:36:35","animal_name":"Squirrel","weather":"Cloudy","battery":78},
{"time":"2019-08-08 21:23:09","animal_name":"Squirrel","weather":"Clear","battery":6},
{"time":"2019-12-08 13:15:47","animal_name":"Rabbit","weather":"Rainy","battery":79},
{"time":"2020-08-19 13:49:49","animal_name":"Squirrel","weather":"Rainy","battery":100},
{"time":"2020-01-11 18:56:32","animal_name":"Squirrel","weather":"Rainy","battery":30},
{"time":"2020-05-30 10:01:35","animal_name":"Rabbit","weather":"Storm","battery":73},
{"time":"2020-04-26 19:36:20","animal_name":"Rabbit","weather":"Cloudy","battery":92},
{"time":"2019-11-03 02:19:59","animal_name":"Rabbit","weather":"Clear","battery":26},
{"time":"2020-05-15 03:30:47","animal_name":"Deer","weather":"Clear","battery":75},
{"time":"2019-08-07 15:18:34","animal_name":"Rabbit","weather":"Cloudy","battery":68},
{"time":"2019-11-21 06:01:15","animal_name":"Squirrel","weather":"Clear","battery":1},
{"time":"2020-07-06 21:43:13","animal_name":"Squirrel","weather":"Rainy","battery":94},
{"time":"2019-11-25 05:05:57","animal_name":"Rabbit","weather":"Clear","battery":82},
{"time":"2020-08-03 16:43:22","animal_name":"Rabbit","weather":"Cloudy","battery":17},
{"time":"2019-12-24 05:55:58","animal_name":"Deer","weather":"Cloudy","battery":13},
{"time":"2020-03-31 23:39:46","animal_name":"Squirrel","weather":"Clear","battery":40},
{"time":"2020-06-01 04:21:15","animal_name":"Squirrel","weather":"Cloudy","battery":33},
{"time":"2019-12-18 04:15:32","animal_name":"Squirrel","weather":"Cloudy","battery":43},
{"time":"2020-04-21 12:46:39","animal_name":"Rabbit","weather":"Rainy","battery":13},
{"time":"2019-11-11 13:01:19","animal_name":"Squirrel","weather":"Cloudy","battery":93},
{"time":"2019-11-26 13:05:50","animal_name":"Rabbit","weather":"Cloudy","battery":80},
{"time":"2020-08-02 00:06:10","animal_name":"Squirrel","weather":"Clear","battery":43},
{"time":"2019-10-11 23:04:56","animal_name":"Squirrel","weather":"Storm","battery":88},
{"time":"2020-04-07 17:37:07","animal_name":"Rabbit","weather":"Cloudy","battery":63},
{"time":"2020-07-17 08:12:32","animal_name":"Squirrel","weather":"Clear","battery":56},
{"time":"2020-07-21 12:11:53","animal_name":"Deer","weather":"Clear","battery":82},
{"time":"2020-07-06 17:25:57","animal_name":"Squirrel","weather":"Rainy","battery":56},
{"time":"2020-06-05 04:39:32","animal_name":"Squirrel","weather":"Rainy","battery":6},
{"time":"2020-07-09 16:20:02","animal_name":"Squirrel","weather":"Rainy","battery":58},
{"time":"2020-04-22 01:32:24","animal_name":"Bear","weather":"Clear","battery":50},
{"time":"2020-04-06 17:40:29","animal_name":"Squirrel","weather":"Clear","battery":8},
{"time":"2020-07-15 18:49:45","animal_name":"Rabbit","weather":"Clear","battery":57},
{"time":"2020-02-17 10:08:11","animal_name":"Squirrel","weather":"Clear","battery":68},
{"time":"2019-12-10 17:13:00","animal_name":"Squirrel","weather":"Clear","battery":3},
{"time":"2020-07-17 01:06:09","animal_name":"Deer","weather":"Cloudy","battery":7},
{"time":"2020-02-12 23:17:23","animal_name":"Squirrel","weather":"Storm","battery":71},
{"time":"2020-02-06 20:24:59","animal_name":"Squirrel","weather":"Cloudy","battery":82},
{"time":"2020-05-19 19:29:47","animal_name":"Squirrel","weather":"Rainy","battery":90},
{"time":"2019-09-01 07:41:26","animal_name":"Rabbit","weather":"Clear","battery":80},
{"time":"2020-08-21 10:04:55","animal_name":"Squirrel","weather":"Clear","battery":90},
{"time":"2019-09-27 17:02:44","animal_name":"Squirrel","weather":"Cloudy","battery":22},
{"time":"2019-06-05 08:33:21","animal_name":"Rabbit","weather":"Cloudy","battery":45},
{"time":"2019-09-29 07:09:22","animal_name":"Squirrel","weather":"Clear","battery":13},
{"time":"2020-02-05 19:17:25","animal_name":"Rabbit","weather":"Clear","battery":6},
{"time":"2019-07-26 19:17:48","animal_name":"Rabbit","weather":"Clear","battery":85},
{"time":"2019-08-31 08:46:47","animal_name":"Squirrel","weather":"Clear","battery":52},
{"time":"2019-08-24 14:12:48","animal_name":"Squirrel","weather":"Clear","battery":11},
{"time":"2019-09-26 20:44:09","animal_name":"Rabbit","weather":"Clear","battery":57},
{"time":"2019-06-26 10:07:32","animal_name":"Squirrel","weather":"Clear","battery":48},
{"time":"2019-08-24 19:22:12","animal_name":"Squirrel","weather":"Clear","battery":62},
{"time":"2020-02-19 02:16:37","animal_name":"Deer","weather":"Clear","battery":1},
{"time":"2020-02-27 19:13:23","animal_name":"Rabbit","weather":"Clear","battery":58},
{"time":"2020-08-01 10:08:53","animal_name":"Squirrel","weather":"Clear","battery":27},
{"time":"2019-11-20 01:14:30","animal_name":"Rabbit","weather":"Clear","battery":36},
{"time":"2020-01-21 02:15:08","animal_name":"Rabbit","weather":"Clear","battery":16},
{"time":"2020-04-13 20:31:58","animal_name":"Rabbit","weather":"Clear","battery":78},
{"time":"2020-07-01 10:13:51","animal_name":"Squirrel","weather":"Clear","battery":65},
{"time":"2019-11-28 19:10:49","animal_name":"Squirrel","weather":"Storm","battery":40},
{"time":"2019-07-14 08:52:18","animal_name":"Squirrel","weather":"Rainy","battery":65},
{"time":"2019-07-14 19:52:05","animal_name":"Squirrel","weather":"Clear","battery":81},
{"time":"2019-09-11 03:32:10","animal_name":"Rabbit","weather":"Clear","battery":55},
{"time":"2019-07-27 20:52:57","animal_name":"Squirrel","weather":"Clear","battery":3},
{"time":"2020-03-02 15:13:48","animal_name":"Wolf","weather":"Clear","battery":52},
{"time":"2020-05-01 02:34:08","animal_name":"Squirrel","weather":"Cloudy","battery":6},
{"time":"2019-08-25 14:26:58","animal_name":"Deer","weather":"Cloudy","battery":3},
{"time":"2020-04-03 08:35:29","animal_name":"Squirrel","weather":"Rainy","battery":23},
{"time":"2020-08-05 22:20:11","animal_name":"Rabbit","weather":"Rainy","battery":96},
{"time":"2020-08-24 01:15:49","animal_name":"Wolf","weather":"Clear","battery":66},
{"time":"2020-08-12 11:32:58","animal_name":"Squirrel","weather":"Cloudy","battery":11},
{"time":"2020-07-28 21:24:50","animal_name":"Deer","weather":"Clear","battery":53},
{"time":"2019-07-13 10:57:41","animal_name":"Rabbit","weather":"Cloudy","battery":19},
{"time":"2020-06-08 03:42:55","animal_name":"Squirrel","weather":"Clear","battery":52},
{"time":"2019-11-01 11:50:30","animal_name":"Deer","weather":"Cloudy","battery":1},
{"time":"2019-11-10 20:49:38","animal_name":null,"weather":"Clear","battery":87},
{"time":"2019-09-24 02:55:03","animal_name":"Rabbit","weather":"Storm","battery":75},
{"time":"2019-07-14 15:16:28","animal_name":"Rabbit","weather":"Storm","battery":63},
{"time":"2019-10-27 00:39:58","animal_name":"Squirrel","weather":"Cloudy","battery":91},
{"time":"2020-01-27 21:28:17","animal_name":"Rabbit","weather":"Cloudy","battery":61},
{"time":"2019-06-06 14:33:04","animal_name":"Deer","weather":"Cloudy","battery":94},
{"time":"2019-07-05 11:29:30","animal_name":"Wolf","weather":"Clear","battery":85},
{"time":"2019-09-22 12:09:30","animal_name":"Squirrel","weather":"Rainy","battery":41},
{"time":"2019-11-12 08:04:50","animal_name":"Deer","weather":"Clear","battery":28},
{"time":"2019-08-14 15:21:44","animal_name":"Deer","weather":"Rainy","battery":6},
{"time":"2019-06-21 17:02:16","animal_name":"Rabbit","weather":"Cloudy","battery":36},
{"time":"2020-07-07 09:01:18","animal_name":"Squirrel","weather":"Storm","battery":46},
{"time":"2020-04-28 21:35:06","animal_name":"Bear","weather":"Clear","battery":86},
{"time":"2019-10-30 14:19:17","animal_name":"Squirrel","weather":"Rainy","battery":47},
{"time":"2019-08-09 02:24:31","animal_name":"Rabbit","weather":"Clear","battery":79},
{"time":"2019-09-01 21:36:29","animal_name":"Rabbit","weather":"Rainy","battery":36},
{"time":"2020-02-22 21:31:19","animal_name":null,"weather":"Clear","battery":92},
{"time":"2019-09-15 08:45:55","animal_name":"Rabbit","weather":"Clear","battery":80},
{"time":"2019-08-03 05:57:04","animal_name":"Rabbit","weather":"Cloudy","battery":74},
{"time":"2020-08-23 13:23:32","animal_name":"Deer","weather":"Clear","battery":61},
{"time":"2020-03-05 15:51:51","animal_name":"Squirrel","weather":"Storm","battery":11},
{"time":"2019-09-14 08:40:52","animal_name":"Deer","weather":"Cloudy","battery":84},
{"time":"2020-05-22 22:14:36","animal_name":"Squirrel","weather":"Storm","battery":44},
{"time":"2019-09-30 11:01:55","animal_name":"Squirrel","weather":"Clear","battery":16},
{"time":"2020-07-10 10:28:15","animal_name":"Squirrel","weather":"Cloudy","battery":36},
{"time":"2020-01-14 10:43:46","animal_name":"Wolf","weather":"Clear","battery":8}]