[{"time":"2019-10-06 09:08:45","animal_name":"Squirrel","weather":"Clear","battery":12},
{"time":"2020-04-18 21:50:40","animal_name":"Deer","weather":"Clear","battery":7},
{"time":"2020-03-10 11:23:34","animal_name":"Squirrel","weather":"Clear","battery":86},
{"time":"2019-11-09 20:36:04","animal_name":"Squirrel","weather":"Clear","battery":55},
{"time":"2019-10-31 07:22:20","animal_name":"Squirrel","weather":"Cloudy","battery":12},
{"time":"2020-05-04 10:59:35","animal_name":"Squirrel","weather":"Clear","battery":64},
{"time":"2020-01-30 14:21:35","animal_name":"Squirrel","weather":"Clear","battery":34},
{"time":"2019-10-29 19:20:05","animal_name":"Rabbit","weather":"Rainy","battery":6},
{"time":"2020-01-30 11:34:51","animal_name":"Squirrel","weather":"Rainy","battery":96},
{"time":"2020-07-17 19:32:23","animal_name":"Deer","weather":"Cloudy","battery":17},
{"time":"2020-05-27 09:42:41","animal_name":"Squirrel","weather":"Rainy","battery":5},
{"time":"2020-05-28 09:00:05","animal_name":"Bear","weather":"Storm","battery":53},
{"time":"2020-08-07 11:02:38","animal_name":"Deer","weather":"Cloudy","battery":14},
{"time":"2019-06-22 16:02:52","animal_name":"Rabbit","weather":"Clear","battery":13},
{"time":"2019-09-23 11:56:31","animal_name":"Squirrel","weather":"Clear","battery":95},
{"time":"2020-05-31 07:27:03","animal_name":"Squirrel","weather":"Clear","battery":100},
{"time":"2019-11-29 19:11:53","animal_name":"Rabbit","weather":"Clear","battery":71},
{"time":"2020-03-23 20:06:24","animal_name":"Rabbit","weather":"Clear","battery":19},
{"time":"2019-07-12 10:45:52","animal_name":"Squirrel","weather":"Rainy","battery":15},
{"time":"2020-01-10 14:47:12","animal_name":null,"weather":"Clear","battery":13},
{"time":"2020-05-30 13:07:53","animal_name":"Rabbit","weather":"Rainy","battery":84},
{"time":"2019-06-09 04:34:10","animal_name":"Rabbit","weather":"Clear","battery":95},
{"time":"2020-06-09 03:23:37","animal_name":"Rabbit","weather":"Rainy","battery":24},
{"time":"2019-10-16 21:16:39","animal_name":"Deer","weather":"Clear","battery":4},
{"time":"2020-08-08 01:07:50","animal_name":"Rabbit","weather":"Rainy","battery":4},
{"time":"2020-03-04 20:54:28","animal_name":"Squirrel","weather":"Clear","battery":58},
{"time":"2020-05-19 23:54:59","animal_name":"Rabbit","weather":"Clear","battery":31},
{"time":"2019-08-05 04:24:05","animal_name":"Squirrel","weather":"Cloudy","battery":75},
{"time":"2020-05-26 00:27:19","animal_name":"Rabbit","weather":"Rainy","battery":68},
{"time":"2020-05-12 12:44:10","animal_name":"Rabbit","weather":"Clear","battery":37},
{"time":"2020-06-14 06:53:27","animal_name":"Squirrel","weather":"Clear","battery":21},
{"time":"2020-01-18 19:28:35","animal_name":"Rabbit","weather":"Clear","battery":51},
{"time":"2019-11-16 14:25:44","animal_name":"Squirrel","weather":"Clear","battery":40},
{"time":"2019-09-08 22:07:35","animal_name":"Rabbit","weather":"Rainy","battery":44},
{"time":"2020-02-04 22:48:39","animal_name":"Squirrel","weather":"Cloudy","battery":17},
{"time":"2020-01-30 23:24:26","animal_name":"Squirrel","weather":"Cloudy","battery":95},
{"time":"2019-07-10 21:20:18","animal_name":"Squirrel","weather":"Clear","battery":3},
{"time":"2020-03-24 12:56:00","animal_name":"Deer","weather":"Cloudy","battery":37},
{"time":"2019-09-21 00:46:02","animal_name":"Squirrel","weather":"Clear","battery":26},
{"time":"2020-04-30 12:58:22","animal_name":"Squirrel","weather":"Rainy","battery":40},
{"time":"2019-07-18 11:47:52","animal_name":"Rabbit","weather":"Clear","battery":38},
{"time":"2019-12-03 21:45:40","animal_name":"Rabbit","weather":"Clear","battery":91},
{"time":"2019-09-30 04:22:47","animal_name":"Squirrel","weather":"Cloudy","battery":66},
{"time":"2019-12-25 11:26:54","animal_name":"Rabbit","weather":"Cloudy","battery":3},
{"time":"2020-08-07 12:58:12","animal_name":"Squirrel","weather":"Cloudy","battery":24},
{"time":"2020-05-31 18:16:37","animal_name":"Squirrel","weather":"Clear","battery":100},
{"time":"2020-05-14 04:08:41","animal_name":"Deer","weather":"Clear","battery":96},
{"time":"2020-01-28 23:41:43","animal_name":"Rabbit","weather":"Clear","battery":10},
{"time":"2019-11-06 08:05:03","animal_name":"Squirrel","weather":"Rainy","battery":79},
{"time":"2020-03-06 12:04:38","animal_name":"Rabbit","weather":"Cloudy","battery":11},
{"time":"2019-12-07 01:23:39","animal_name":"Rabbit","weather":"Clear","battery":28},
{"time":"2020-04-15 19:59:56","animal_name":"Rabbit","weather":"Clear","battery":100},
{"time":"2019-12-12 16:17:16","animal_name":"Squirrel","weather":"Storm","battery":16},
{"time":"2020-06-03 07:28:22","animal_name":"Squirrel","weather":"Clear","battery":82},
{"time":"2019-10-13 05:26:33","animal_name":"Rabbit","weather":"Rainy","battery":45},
{"time":"2019-12-17 11:48:13","animal_name":"Rabbit","weather":"Cloudy","battery":55},
{"time":"2019-10-06 18:57:20","animal_name":"Squirrel","weather":"Clear","battery":91},
{"time":"2020-01-26 22:01:07","animal_name":"Squirrel","weather":"Clear","battery":98},
{"time":"2020-03-05 08:51:38","animal_name":"Rabbit","weather":"Clear","battery":19},
{"time":"2019-10-04 10:46:44","animal_name":"Squirrel","weather":"Cloudy","battery":24},
{"time":"2019-07-27 13:23:43","animal_name":"Rabbit","weather":"Clear","battery":89},
{"time":"2020-02-13 07:32:02","animal_name":"Squirrel","weather":"Clear","battery":73},
{"time":"2020-03-21 14:52:14","animal_name":"Rabbit","weather":"Rainy","battery":9},
{"time":"2020-05-31 13:33:38","animal_name":"Squirrel","weather":"Clear","battery":60},
{"time":"2019-10-31 23:08:20","animal_name":"Rabbit","weather":"Clear","battery":69},
{"time":"2020-05-19 00:09:14","animal_name":"Rabbit","weather":"Clear","battery":55},
{"time":"2020-05-30 18:38:10","animal_name":"Rabbit","weather":"Rainy","battery":17},
{"time":"2019-07-16 16:39:58","animal_name":"Rabbit","weather":"Clear","battery":53},
{"time":"2020-04-04 17:47:19","animal_name":"Wolf","weather":"Storm","battery":35},
{"time":"2020-05-07 07:11:49","animal_name":"Rabbit","weather":"Clear","battery":6},
{"time":"2020-01-12 22:12:36","animal_name":"Squirrel","weather":"Cloudy","battery":13},
{"time":"2020-07-01 13:15:11","animal_name":"Rabbit","weather":"Clear","battery":63},
{"time":"2019-09-06 07:38:47","animal_name":"Rabbit","weather":"Clear","battery":82},
{"time":"2019-06-01 16:46:39","animal_name":"Squirrel","weather":"Cloudy","battery":3},
{"time":"2020-04-20 02:47:04","animal_name":"Squirrel","weather":"Rainy","battery":56},
{"time":"2020-03-21 14:12:56","animal_name":"Rabbit","weather":"Clear","battery":29},
{"time":"2019-11-06 12:05:38","animal_name":"Squirrel","weather":"Cloudy","battery":71},
{"time":"2020-07-06 02:23:42","animal_name":"Squirrel","weather":"Cloudy","battery":47},
{"time":"2020-08-30 05:01:32","animal_name":"Squirrel","weather":"Cloudy","battery":60},
{"time":"2019-12-08 13:42:52","animal_name":"Rabbit","weather":"Clear","battery":39},
{"time":"2019-11-29 04:40:31","animal_name":"Squirrel","weather":"Cloudy","battery":2},
{"time":"2019-10-22 20:13:52","animal_name":"Rabbit","weather":"Rainy","battery":30},
{"time":"2019-12-04 15:00:09","animal_name":"Rabbit","weather":"Storm","battery":70},
{"time":"2020-02-21 06:22:57","animal_name":"Squirrel","weather":"Rainy","battery":82},
{"time":"2019-07-06 15:57:18","animal_name":"Deer","weather":"Clear","battery":8},
{"time":"2020-01-01 16:43:20","animal_name":"Squirrel","weather":"Clear","battery":73},
{"time":"2019-07-17 13:37:21","animal_name":"Squirrel","weather":"Clear","battery":83},
{"time":"2020-03-04 12:25:30","animal_name":"Rabbit","weather":"Clear","battery":90},
{"time":"2019-08-09 09:46:40","animal_name":"Bear","weather":"Rainy","battery":87},
{"time":"2019-08-15 15:46:17","animal_name":"Squirrel","weather":"Rainy","battery":45},
{"time":"2020-01-31 04:03:57","animal_name":"Squirrel","weather":"Cloudy","battery":27},
{"time":"2019-07-15 13:33:21","animal_name":"Rabbit","weather":"Clear","battery":76},
{"time":"2020-01-01 16:48:58","animal_name":"Rabbit","weather":"Clear","battery":5},
{"time":"2019-10-27 02:45:04","animal_name":"Deer","weather":"Clear","battery":72},
{"time":"2020-02-16 08:36:56","animal_name":"Squirrel","weather":"Clear","battery":35},
{"time":"2019-06-04 09:47:11","animal_name":"Squirrel","weather":"Cloudy","battery":83},
{"time":"2020-03-27 17:21:24","animal_name":"Squirrel","weather":"Cloudy","battery":12},
{"time":"2020-05-31 06:22:21","animal_name":"Squirrel","weather":"Rainy","battery":73},
{"time":"2019-10-15 19:24:54","animal_name":"Rabbit","weather":"Rainy","battery":49},
{"time":"2020-02-09 18:00:47","animal_name":"Squirrel","weather":"Clear","battery":22}]