[{"time":"2020-08-13 17:16:57","animal_name":"Wolf","weather":"Cloudy","battery":4},
{"time":"2019-12-24 05:52:23","animal_name":"Bear","weather":"Rainy","battery":98},
{"time":"2019-07-15 23:30:38","animal_name":"Squirrel","weather":"Clear","battery":44},
{"time":"2020-07-23 01:49:56","animal_name":"Squirrel","weather":"Cloudy","battery":73},
{"time":"2019-08-25 00:00:05","animal_name":"Rabbit","weather":"Clear","battery":100},
{"time":"2020-02-15 01:32:14","animal_name":"Squirrel","weather":"Cloudy","battery":55},
{"time":"2020-06-21 22:01:18","animal_name":"Squirrel","weather":"Clear","battery":60},
{"time":"2019-12-02 12:24:01","animal_name":"Squirrel","weather":"Cloudy","battery":25},
{"time":"2019-06-14 04:05:53","animal_name":"Squirrel","weather":"Rainy","battery":40},
{"time":"2020-03-22 00:38:45","animal_name":"Rabbit","weather":"Clear","battery":94},
{"time":"2020-06-24 03:12:20","animal_name":"Rabbit","weather":"Clear","battery":38},
{"time":"2019-10-09 00:38:54","animal_name":"Rabbit","weather":"Cloudy","battery":30},
{"time":"2019-06-10 20:03:08","animal_name":"Rabbit","weather":"Clear","battery":72},
{"time":"2019-12-15 02:50:04","animal_name":"Rabbit","weather":"Clear","battery":27},
{"time":"2019-08-25 16:04:47","animal_name":"Squirrel","weather":"Clear","battery":89},
{"time":"2019-07-20 08:10:17","animal_name":"Squirrel","weather":"Clear","battery":47},
{"time":"2020-02-23 02:20:51","animal_name":"Rabbit","weather":"Cloudy","battery":81},
{"time":"2019-06-22 09:14:09","animal_name":"Squirrel","weather":"Rainy","battery":1},
{"time":"2020-02-11 11:18:35","animal_name":"Rabbit","weather":"Storm","battery":28},
{"time":"2020-08-30 06:57:55","animal_name":"Deer","weather":"Rainy","battery":89},
{"time":"2020-06-27 08:16:19","animal_name":"Rabbit","weather":"Cloudy","battery":10},
{"time":"2019-08-17 07:35:10","animal_name":"Rabbit","weather":"Clear","battery":72},
{"time":"2019-09-03 06:45:29","animal_name":"Deer","weather":"Cloudy","battery":35},
{"time":"2020-05-06 18:26:50","animal_name":"Deer","weather":"Cloudy","battery":55},
{"time":"2020-01-05 15:08:02","animal_name":"Deer","weather":"Cloudy","battery":6},
{"time":"2020-05-16 04:06:17","animal_name":"Rabbit","weather":"Cloudy","battery":71},
{"time":"2020-06-11 19:42:07","animal_name":"Rabbit","weather":"Rainy","battery":28},
{"time":"2020-01-13 09:25:34","animal_name":"Squirrel","weather":"Cloudy","battery":82},
{"time":"2019-10-13 00:48:16","animal_name":"Squirrel","weather":"Cloudy","battery":63},
{"time":"2020-08-26 05:24:14","animal_name":"Rabbit","weather":"Clear","battery":49},
{"time":"2020-05-18 09:32:03","animal_name":"Rabbit","weather":"Clear","battery":10},
{"time":"2019-08-21 03:05:43","animal_name":"Rabbit","weather":"Clear","battery":84},
{"time":"2020-01-20 07:57:04","animal_name":"Squirrel","weather":"Clear","battery":56},
{"time":"2019-08-06 04:39:14","animal_name":null,"weather":"Clear","battery":42},
{"time":"2019-09-05 05:44:36","animal_name":"Squirrel","weather":"Clear","battery":10},
{"time":"2020-01-15 01:32:19","animal_name":"Deer","weather":"Storm","battery":11},
{"time":"2019-09-05 11:48:44","animal_name":"Rabbit","weather":"Cloudy","battery":95},
{"time":"2019-07-07 23:17:37","animal_name":"Squirrel","weather":"Clear","battery":51},
{"time":"2019-08-15 04:34:48","animal_name":"Squirrel","weather":"Rainy","battery":79},
{"time":"2020-06-05 09:47:45","animal_name":"Deer","weather":"Rainy","battery":18},
{"time":"2020-08-11 17:14:52","animal_name":"Squirrel","weather":"Cloudy","battery":34},
{"time":"2020-07-09 18:29:28","animal_name":"Squirrel","weather":"Cloudy","battery":71},
{"time":"2019-07-18 09:46:36","animal_name":null,"weather":"Rainy","battery":14},
{"time":"2019-11-18 14:09:11","animal_name":"Deer","weather":"Clear","battery":29},
{"time":"2019-08-10 01:33:01","animal_name":"Squirrel","weather":"Clear","battery":17},
{"time":"2019-12-15 08:21:36","animal_name":"Rabbit","weather":"Cloudy","battery":68},
{"time":"2020-04-13 09:49:37","animal_name":"Squirrel","weather":"Clear","battery":40},
{"time":"2019-06-27 20:38:33","animal_name":"Squirrel","weather":"Clear","battery":79},
{"time":"2019-06-04 19:48:18","animal_name":"Rabbit","weather":"Clear","battery":42},
{"time":"2020-06-04 16:26:15","animal_name":"Deer","weather":"Clear","battery":50},
{"time":"2019-11-19 07:39:50","animal_name":"Squirrel","weather":"Clear","battery":99},
{"time":"2019-12-23 05:47:16","animal_name":"Deer","weather":"Cloudy","battery":48},
{"time":"2020-04-25 23:10:55","animal_name":"Squirrel","weather":"Clear","battery":96},
{"time":"2020-08-19 12:21:54","animal_name":"Rabbit","weather":"Cloudy","battery":94},
{"time":"2019-08-13 21:10:16","animal_name":"Squirrel","weather":"Rainy","battery":33},
{"time":"2019-08-31 04:54:39","animal_name":"Squirrel","weather":"Storm","battery":25},
{"time":"2020-06-16 19:07:22","animal_name":"Squirrel","weather":"Clear","battery":35},
{"time":"2019-08-07 04:02:37","animal_name":"Squirrel","weather":"Cloudy","battery":71},
{"time":"2020-02-17 20:32:11","animal_name":"Rabbit","weather":"Clear","battery":55},
{"time":"2020-03-27 10:48:56","animal_name":"Squirrel","weather":"Cloudy","battery":12},
{"time":"2020-04-03 22:48:42","animal_name":null,"weather":"Clear","battery":54},
{"time":"2020-06-02 13:06:50","animal_name":"Deer","weather":"Clear","battery":72},
{"time":"2020-05-05 03:49:30","animal_name":"Rabbit","weather":"Cloudy","battery":2},
{"time":"2019-11-09 12:54:08","animal_name":"Squirrel","weather":"Rainy","battery":6},
{"time":"2019-11-25 19:22:38","animal_name":"Rabbit","weather":"Cloudy","battery":42},
{"time":"2019-11-12 23:00:38","animal_name":"Rabbit","weather":"Clear","battery":76},
{"time":"2020-02-08 00:42:31","animal_name":"Rabbit","weather":"Clear","battery":73},
{"time":"2020-07-05 13:51:28","animal_name":"Rabbit","weather":"Rainy","battery":27},
{"time":"2019-08-10 15:31:21","animal_name":"Squirrel","weather":"Clear","battery":33},
{"time":"2019-12-03 14:10:28","animal_name":"Squirrel","weather":"Cloudy","battery":61},
{"time":"2020-04-04 08:33:32","animal_name":"Squirrel","weather":"Clear","battery":84},
{"time":"2019-11-27 02:20:17","animal_name":"Squirrel","weather":"Clear","battery":99},
{"time":"2019-11-25 02:54:18","animal_name":"Wolf","weather":"Rainy","battery":91},
{"time":"2019-07-06 03:43:33","animal_name":"Rabbit","weather":"Clear","battery":20},
{"time":"2020-04-16 17:30:24","animal_name":"Squirrel","weather":"Clear","battery":69},
{"time":"2019-12-19 22:30:24","animal_name":"Rabbit","weather":"Rainy","battery":69},
{"time":"2019-10-13 20:30:05","animal_name":"Rabbit","weather":"Clear","battery":18},
{"time":"2020-03-29 16:05:10","animal_name":"Squirrel","weather":"Clear","battery":12},
{"time":"2019-12-13 09:25:35","animal_name":"Deer","weather":"Storm","battery":17},
{"time":"2020-05-31 22:16:16","animal_name":"Rabbit","weather":"Clear","battery":7},
{"time":"2020-07-17 21:29:59","animal_name":"Squirrel","weather":"Cloudy","battery":31},
{"time":"2020-03-08 21:59:58","animal_name":"Rabbit","weather":"Clear","battery":7},
{"time":"2019-06-24 10:47:09","animal_name":"Squirrel","weather":"Cloudy","battery":60},
{"time":"2020-01-21 18:29:15","animal_name":"Squirrel","weather":"Clear","battery":31},
{"time":"2019-06-28 22:12:19","animal_name":"Rabbit","weather":"Cloudy","battery":87},
{"time":"2019-07-26 15:18:14","animal_name":"Deer","weather":"Cloudy","battery":87},
{"time":"2020-02-06 00:36:31","animal_name":"Squirrel","weather":"Clear","battery":74},
{"time":"2020-04-27 07:56:23","animal_name":"Rabbit","weather":"Clear","battery":68},
{"time":"2019-06-23 02:26:52","animal_name":"Deer","weather":"Clear","battery":24},
{"time":"2019-06-06 05:36:06","animal_name":"Squirrel","weather":"Clear","battery":62},
{"time":"2019-10-11 17:33:49","animal_name":"Deer","weather":"Rainy","battery":22},
{"time":"2020-07-17 13:22:32","animal_name":"Rabbit","weather":"Clear","battery":20},
{"time":"2019-06-26 06:58:51","animal_name":"Deer","weather":"Clear","battery":27},
{"time":"2020-03-29 09:46:48","animal_name":"Deer","weather":"Clear","battery":72},
{"time":"2020-08-29 03:22:52","animal_name":"Squirrel","weather":"Cloudy","battery":96},
{"time":"2019-09-24 10:24:45","animal_name":null,"weather":"Clear","battery":2},
{"time":"2020-03-18 02:35:18","animal_name":"Rabbit","weather":"Rainy","battery":29},
{"time":"2019-07-23 04:49:54","animal_name":"Rabbit","weather":"Clear","battery":22},
{"time":"2020-05-22 19:25:04","animal_name":"Deer","weather":"Cloudy","battery":75},
{"time":"2019-07-19 12:13:18","animal_name":"Deer","weather":"Clear","battery":59}]