[{"time":"2020-05-30 06:28:32","animal_name":"Rabbit","weather":"Rainy","battery":65},
{"time":"2019-08-13 19:13:18","animal_name":"Rabbit","weather":"Clear","battery":66},
{"time":"2020-01-18 10:27:10","animal_name":"Squirrel","weather":"Clear","battery":60},
{"time":"2020-01-08 23:08:22","animal_name":"Squirrel","weather":"Cloudy","battery":42},
{"time":"2020-05-03 02:35:34","animal_name":"Rabbit","weather":"Clear","battery":33},
{"time":"2019-10-30 21:58:19","animal_name":null,"weather":"Clear","battery":2},
{"time":"2019-06-09 20:07:34","animal_name":"Rabbit","weather":"Cloudy","battery":68},
{"time":"2020-04-30 22:39:53","animal_name":"Squirrel","weather":"Clear","battery":20},
{"time":"2019-07-12 15:10:56","animal_name":"Squirrel","weather":"Clear","battery":51},
{"time":"2020-01-01 22:47:46","animal_name":"Deer","weather":"Rainy","battery":65},
{"time":"2019-09-11 13:45:03","animal_name":"Rabbit","weather":"Clear","battery":69},
{"time":"2020-01-19 11:45:41","animal_name":"Squirrel","weather":"Storm","battery":83},
{"time":"2019-12-16 22:15:37","animal_name":"Wolf","weather":"Clear","battery":42},
{"time":"2019-11-18 07:01:59","animal_name":"Rabbit","weather":"Clear","battery":17},
{"time":"2019-06-18 10:10:17","animal_name":"Rabbit","weather":"Cloudy","battery":11},
{"time":"2020-05-31 18:43:44","animal_name":"Squirrel","weather":"Clear","battery":85},
{"time":"2020-06-03 19:08:20","animal_name":"Squirrel","weather":"Clear","battery":29},
{"time":"2020-01-22 07:20:50","animal_name":"Squirrel","weather":"Rainy","battery":81},
{"time":"2020-07-30 09:19:45","animal_name":"Rabbit","weather":"Cloudy","battery":22},
{"time":"2019-09-10 13:03:02","animal_name":"Rabbit","weather":"Clear","battery":35},
{"time":"2019-12-02 12:47:06","animal_name":"Rabbit","weather":"Clear","battery":50},
{"time":"2019-10-04 23:01:21","animal_name":"Wolf","weather":"Cloudy","battery":1},
{"time":"2019-06-27 06:40:57","animal_name":"Rabbit","weather":"Clear","battery":31},
{"time":"2020-08-14 22:56:11","animal_name":"Rabbit","weather":"Rainy","battery":66},
{"time":"2019-12-27 04:07:33","animal_name":"Rabbit","weather":"Clear","battery":42},
{"time":"2020-04-12 09:58:42","animal_name":"Squirrel","weather":"Cloudy","battery":73},
{"time":"2020-08-30 05:10:21","animal_name":"Rabbit","weather":"Clear","battery":70},
{"time":"2020-02-07 01:30:44","animal_name":"Deer","weather":"Clear","battery":41},
{"time":"2020-02-20 03:09:05","animal_name":"Squirrel","weather":"Clear","battery":21},
{"time":"2020-06-04 08:48:04","animal_name":"Deer","weather":"Clear","battery":57},
{"time":"2020-05-07 22:12:33","animal_name":"Rabbit","weather":"Clear","battery":18},
{"time":"2020-02-16 00:04:26","animal_name":"Squirrel","weather":"Clear","battery":22},
{"time":"2020-08-10 06:26:16","animal_name":"Squirrel","weather":"Rainy","battery":54},
{"time":"2020-08-27 12:34:31","animal_name":"Rabbit","weather":"Cloudy","battery":94},
{"time":"2019-12-08 12:11:14","animal_name":"Rabbit","weather":"Clear","battery":76},
{"time":"2020-07-05 08:03:06","animal_name":"Squirrel","weather":"Cloudy","battery":72},
{"time":"2020-01-01 10:29:02","animal_name":"Rabbit","weather":"Cloudy","battery":49},
{"time":"2019-12-29 18:13:25","animal_name":"Bear","weather":"Clear","battery":86},
{"time":"2020-04-19 21:08:27","animal_name":"Rabbit","weather":"Clear","battery":48},
{"time":"2019-11-28 15:40:25","animal_name":"Rabbit","weather":"Cloudy","battery":5},
{"time":"2020-03-23 07:45:33","animal_name":"Rabbit","weather":"Clear","battery":90},
{"time":"2020-07-13 22:03:15","animal_name":"Rabbit","weather":"Clear","battery":94},
{"time":"2019-11-15 01:56:41","animal_name":"Rabbit","weather":"Cloudy","battery":86},
{"time":"2020-07-09 12:37:17","animal_name":"Deer","weather":"Clear","battery":81},
{"time":"2019-09-22 15:52:47","animal_name":"Rabbit","weather":"Rainy","battery":55},
{"time":"2020-01-08 22:16:00","animal_name":"Rabbit","weather":"Clear","battery":51},
{"time":"2020-03-11 05:10:26","animal_name":"Squirrel","weather":"Cloudy","battery":19},
{"time":"2020-04-02 23:38:28","animal_name":"Rabbit","weather":"Storm","battery":6},
{"time":"2019-07-25 10:16:54","animal_name":"Deer","weather":"Clear","battery":7},
{"time":"2019-06-16 09:22:07","animal_name":"Deer","weather":"Clear","battery":80},
{"time":"2019-08-19 10:29:54","animal_name":"Squirrel","weather":"Clear","battery":15},
{"time":"2020-04-22 10:47:04","animal_name":"Deer","weather":"Rainy","battery":81},
{"time":"2020-05-15 02:08:48","animal_name":"Squirrel","weather":"Storm","battery":10},
{"time":"2019-12-21 21:15:41","animal_name":"Rabbit","weather":"Cloudy","battery":99},
{"time":"2020-02-27 01:57:48","animal_name":"Bear","weather":"Clear","battery":63},
{"time":"2020-02-25 11:58:54","animal_name":"Rabbit","weather":"Cloudy","battery":86},
{"time":"2020-06-26 07:33:27","animal_name":"Squirrel","weather":"Clear","battery":56},
{"time":"2019-11-07 22:04:12","animal_name":"Squirrel","weather":"Clear","battery":66},
{"time":"2020-06-21 23:09:01","animal_name":"Squirrel","weather":"Cloudy","battery":10},
{"time":"2019-09-04 20:34:02","animal_name":"Rabbit","weather":"Rainy","battery":76},
{"time":"2019-06-17 21:53:54","animal_name":"Squirrel","weather":"Clear","battery":80},
{"time":"2019-09-20 11:47:18","animal_name":"Rabbit","weather":"Rainy","battery":91},
{"time":"2020-08-13 13:23:06","animal_name":"Rabbit","weather":"Rainy","battery":2},
{"time":"2019-09-26 21:07:07","animal_name":"Rabbit","weather":"Clear","battery":55},
{"time":"2020-06-29 01:43:43","animal_name":"Rabbit","weather":"Storm","battery":5},
{"time":"2019-12-10 09:55:50","animal_name":"Squirrel","weather":"Cloudy","battery":81},
{"time":"2020-03-10 17:07:03","animal_name":"Deer","weather":"Clear","battery":58},
{"time":"2019-07-13 05:39:07","animal_name":"Rabbit","weather":"Clear","battery":32},
{"time":"2020-02-03 03:36:47","animal_name":"Bear","weather":"Cloudy","battery":19},
{"time":"2019-10-22 05:10:22","animal_name":"Deer","weather":"Clear","battery":15},
{"time":"2019-11-05 03:39:43","animal_name":"Wolf","weather":"Clear","battery":93},
{"time":"2019-07-13 04:10:07","animal_name":"Rabbit","weather":"Rainy","battery":77},
{"time":"2019-08-07 04:57:19","animal_name":"Bear","weather":"Cloudy","battery":10},
{"time":"2019-12-03 00:32:35","animal_name":"Rabbit","weather":"Cloudy","battery":63},
{"time":"2019-12-11 19:51:58","animal_name":"Squirrel","weather":"Clear","battery":10},
{"time":"2020-02-16 18:29:58","animal_name":"Rabbit","weather":"Clear","battery":82},
{"time":"2019-12-04 04:52:10","animal_name":"Rabbit","weather":"Rainy","battery":21},
{"time":"2020-02-03 11:59:23","animal_name":"Rabbit","weather":"Clear","battery":44},
{"time":"2020-06-25 11:34:30","animal_name":"Squirrel","weather":"Rainy","battery":94},
{"time":"2020-03-01 00:37:03","animal_name":"Squirrel","weather":"Cloudy","battery":55},
{"time":"2020-07-17 07:30:14","animal_name":"Wolf","weather":"Cloudy","battery":16},
{"time":"2019-06-12 00:14:55","animal_name":"Squirrel","weather":"Clear","battery":53},
{"time":"2020-04-16 23:46:04","animal_name":"Rabbit","weather":"Clear","battery":79},
{"time":"2019-11-13 08:27:53","animal_name":"Rabbit","weather":"Cloudy","battery":74},
{"time":"2020-05-20 05:05:57","animal_name":"Rabbit","weather":"Cloudy","battery":98},
{"time":"2020-01-12 19:18:05","animal_name":"Squirrel","weather":"Cloudy","battery":24},
{"time":"2020-08-30 03:12:44","animal_name":"Squirrel","weather":"Cloudy","battery":79},
{"time":"2019-07-05 22:48:10","animal_name":"Rabbit","weather":"Cloudy","battery":27},
{"time":"2020-08-19 04:45:31","animal_name":"Rabbit","weather":"Clear","battery":72},
{"time":"2020-03-04 16:54:54","animal_name":"Rabbit","weather":"Clear","battery":84},
{"time":"2019-08-07 05:36:54","animal_name":"Rabbit","weather":"Cloudy","battery":2},
{"time":"2019-11-21 00:14:21","animal_name":"Squirrel","weather":"Cloudy","battery":97},
{"time":"2020-04-14 00:35:56","animal_name":"Squirrel","weather":"Clear","battery":73},
{"time":"2019-08-23 09:36:12","animal_name":"Rabbit","weather":"Cloudy","battery":75},
{"time":"2019-12-18 17:26:58","animal_name":"Rabbit","weather":"Cloudy","battery":1},
{"time":"2019-09-06 14:41:02","animal_name":"Rabbit","weather":"Clear","battery":51},
{"time":"2020-01-28 03:01:55","animal_name":"Squirrel","weather":"Clear","battery":9},
{"time":"2020-02-10 08:42:00","animal_name":"Squirrel","weather":"Cloudy","battery":5},
{"time":"2019-11-03 20:40:44","animal_name":null,"weather":"Clear","battery":54},
{"time":"2020-04-29 05:07:10","animal_name":"Squirrel","weather":"Clear","battery":98}]