[{"time":"2020-07-31 07:31:49","animal_name":"Deer","weather":"Clear","battery":22},
{"time":"2020-07-25 23:00:42","animal_name":"Squirrel","weather":"Rainy","battery":28},
{"time":"2019-10-28 07:00:21","animal_name":"Squirrel","weather":"Clear","battery":12},
{"time":"2020-05-03 02:37:01","animal_name":"Bear","weather":"Clear","battery":24},
{"time":"2019-10-26 13:12:12","animal_name":"Squirrel","weather":"Clear","battery":8},
{"time":"2020-04-11 13:35:45","animal_name":"Squirrel","weather":"Clear","battery":50},
{"time":"2020-04-03 14:38:55","animal_name":"Rabbit","weather":"Cloudy","battery":96},
{"time":"2020-06-20 13:42:04","animal_name":"Rabbit","weather":"Rainy","battery":93},
{"time":"2020-04-05 22:04:11","animal_name":"Rabbit","weather":"Clear","battery":21},
{"time":"2020-01-04 09:19:08","animal_name":"Rabbit","weather":"Clear","battery":60},
{"time":"2019-11-22 19:49:40","animal_name":"Squirrel","weather":"Clear","battery":5},
{"time":"2020-03-04 21:52:57","animal_name":"Bear","weather":"Clear","battery":31},
{"time":"2019-12-03 03:59:18","animal_name":"Rabbit","weather":"Clear","battery":97},
{"time":"2020-03-19 15:54:58","animal_name":"Wolf","weather":"Rainy","battery":42},
{"time":"2019-08-08 00:38:18","animal_name":"Squirrel","weather":"Cloudy","battery":12},
{"time":"2019-09-15 02:19:10","animal_name":"Rabbit","weather":"Rainy","battery":21},
{"time":"2019-10-11 13:43:01","animal_name":"Squirrel","weather":"Clear","battery":53},
{"time":"2020-07-25 08:47:32","animal_name":"Deer","weather":"Cloudy","battery":87},
{"time":"2019-12-25 14:42:17","animal_name":"Squirrel","weather":"Cloudy","battery":75},
{"time":"2019-11-03 20:25:09","animal_name":"Rabbit","weather":"Clear","battery":80},
{"time":"2019-11-08 11:54:43","animal_name":"Wolf","weather":"Cloudy","battery":28},
{"time":"2020-01-28 11:14:31","animal_name":"Rabbit","weather":"Clear","battery":81},
{"time":"2019-09-18 17:39:44","animal_name":"Rabbit","weather":"Cloudy","battery":19},
{"time":"2020-05-09 16:44:12","animal_name":"Squirrel","weather":"Rainy","battery":11},
{"time":"2020-08-01 06:46:25","animal_name":"Rabbit","weather":"Rainy","battery":15},
{"time":"2020-07-04 11:12:15","animal_name":"Squirrel","weather":"Clear","battery":88},
{"time":"2019-06-26 04:00:56","animal_name":"Rabbit","weather":"Cloudy","battery":21},
{"time":"2020-03-26 21:06:56","animal_name":"Wolf","weather":"Cloudy","battery":8},
{"time":"2020-07-31 04:33:36","animal_name":"Rabbit","weather":"Rainy","battery":60},
{"time":"2020-04-05 18:58:34","animal_name":"Rabbit","weather":"Clear","battery":64},
{"time":"2019-07-18 10:28:04","animal_name":"Squirrel","weather":"Rainy","battery":6},
{"time":"2019-12-27 09:32:33","animal_name":"Squirrel","weather":"Rainy","battery":6},
{"time":"2020-08-30 11:16:04","animal_name":"Rabbit","weather":"Clear","battery":48},
{"time":"2020-07-31 10:50:53","animal_name":"Rabbit","weather":"Rainy","battery":52},
{"time":"2019-11-16 19:54:34","animal_name":"Rabbit","weather":"Rainy","battery":73},
{"time":"2020-01-16 07:58:18","animal_name":"Squirrel","weather":"Cloudy","battery":44},
{"time":"2020-04-21 12:55:21","animal_name":"Rabbit","weather":"Cloudy","battery":11},
{"time":"2019-07-07 07:15:22","animal_name":"Deer","weather":"Clear","battery":28},
{"time":"2019-10-12 02:31:50","animal_name":"Squirrel","weather":"Cloudy","battery":92},
{"time":"2020-08-22 23:50:10","animal_name":"Rabbit","weather":"Clear","battery":83},
{"time":"2020-07-30 05:11:46","animal_name":"Rabbit","weather":"Cloudy","battery":28},
{"time":"2020-07-06 23:07:06","animal_name":"Squirrel","weather":"Clear","battery":10},
{"time":"2019-09-01 10:26:39","animal_name":"Squirrel","weather":"Rainy","battery":91},
{"time":"2019-12-12 20:10:49","animal_name":"Bear","weather":"Rainy","battery":65},
{"time":"2020-05-21 14:00:45","animal_name":"Rabbit","weather":"Clear","battery":76},
{"time":"2020-08-11 17:09:30","animal_name":"Squirrel","weather":"Clear","battery":84},
{"time":"2020-05-11 02:46:33","animal_name":"Bear","weather":"Clear","battery":33},
{"time":"2019-06-21 01:31:17","animal_name":"Rabbit","weather":"Clear","battery":41},
{"time":"2019-10-20 04:53:53","animal_name":"Deer","weather":"Rainy","battery":49},
{"time":"2020-04-17 18:59:06","animal_name":"Squirrel","weather":"Clear","battery":17},
{"time":"2019-12-05 16:59:30","animal_name":"Squirrel","weather":"Clear","battery":68},
{"time":"2020-02-26 05:47:23","animal_name":"Rabbit","weather":"Clear","battery":13},
{"time":"2020-07-08 11:46:49","animal_name":"Bear","weather":"Clear","battery":100},
{"time":"2020-04-24 14:23:01","animal_name":"Squirrel","weather":"Clear","battery":47},
{"time":"2020-02-04 06:15:29","animal_name":"Squirrel","weather":"Clear","battery":61},
{"time":"2020-06-17 02:18:57","animal_name":"Rabbit","weather":"Clear","battery":61},
{"time":"2019-06-06 05:19:57","animal_name":"Rabbit","weather":"Clear","battery":26},
{"time":"2020-02-02 20:58:10","animal_name":"Rabbit","weather":"Clear","battery":25},
{"time":"2019-11-17 12:48:03","animal_name":"Rabbit","weather":"Clear","battery":67},
{"time":"2020-06-27 22:52:20","animal_name":"Squirrel","weather":"Cloudy","battery":18},
{"time":"2020-02-23 18:09:23","animal_name":"Deer","weather":"Clear","battery":7},
{"time":"2020-07-28 07:18:43","animal_name":"Squirrel","weather":"Clear","battery":2},
{"time":"2019-06-13 00:22:02","animal_name":"Deer","weather":"Cloudy","battery":75},
{"time":"2019-07-23 07:46:23","animal_name":"Squirrel","weather":"Cloudy","battery":61},
{"time":"2020-02-20 14:59:25","animal_name":"Squirrel","weather":"Clear","battery":98},
{"time":"2019-10-12 13:35:06","animal_name":"Deer","weather":"Storm","battery":74},
{"time":"2020-07-26 12:21:08","animal_name":"Squirrel","weather":"Rainy","battery":57},
{"time":"2019-08-29 10:54:39","animal_name":"Deer","weather":"Clear","battery":26},
{"time":"2020-01-18 11:13:14","animal_name":"Squirrel","weather":"Clear","battery":67},
{"time":"2019-11-17 19:00:42","animal_name":"Squirrel","weather":"Clear","battery":100},
{"time":"2019-11-13 02:46:40","animal_name":"Squirrel","weather":"Clear","battery":67},
{"time":"2020-01-14 10:44:40","animal_name":"Rabbit","weather":"Cloudy","battery":20},
{"time":"2019-12-13 02:06:23","animal_name":"Squirrel","weather":"Cloudy","battery":56},
{"time":"2019-12-11 07:26:01","animal_name":"Squirrel","weather":"Clear","battery":98},
{"time":"2019-06-30 08:10:39","animal_name":"Rabbit","weather":"Cloudy","battery":8},
{"time":"2019-08-16 22:54:27","animal_name":"Rabbit","weather":"Cloudy","battery":29},
{"time":"2020-03-05 11:56:42","animal_name":"Rabbit","weather":"Clear","battery":30},
{"time":"2020-02-06 09:30:34","animal_name":"Squirrel","weather":"Clear","battery":76},
{"time":"2019-07-30 05:16:14","animal_name":"Squirrel","weather":"Clear","battery":18},
{"time":"2019-11-27 02:38:44","animal_name":"Squirrel","weather":"Rainy","battery":88},
{"time":"2020-02-28 14:35:54","animal_name":"Deer","weather":"Cloudy","battery":73},
{"time":"2019-06-20 11:47:15","animal_name":"Squirrel","weather":"Rainy","battery":7},
{"time":"2019-10-24 08:38:36","animal_name":"Squirrel","weather":"Rainy","battery":48},
{"time":"2020-03-28 21:21:42","animal_name":"Squirrel","weather":"Cloudy","battery":7},
{"time":"2019-11-26 05:09:18","animal_name":"Rabbit","weather":"Clear","battery":93},
{"time":"2019-12-02 13:53:24","animal_name":"Squirrel","weather":"Cloudy","battery":75},
{"time":"2020-06-26 07:05:09","animal_name":"Squirrel","weather":"Rainy","battery":75},
{"time":"2020-05-20 19:40:55","animal_name":"Squirrel","weather":"Cloudy","battery":33},
{"time":"2019-06-14 07:52:15","animal_name":"Squirrel","weather":"Rainy","battery":3},
{"time":"2020-02-12 16:53:24","animal_name":"Deer","weather":"Cloudy","battery":90},
{"time":"2020-08-25 23:29:39","animal_name":"Rabbit","weather":"Clear","battery":29},
{"time":"2020-02-09 18:59:02","animal_name":"Squirrel","weather":"Storm","battery":14},
{"time":"2019-10-24 10:30:22","animal_name":"Squirrel","weather":"Rainy","battery":67},
{"time":"2019-11-11 10:06:03","animal_name":"Bear","weather":"Rainy","battery":30},
{"time":"2020-06-26 11:36:23","animal_name":"Squirrel","weather":"Clear","battery":76},
{"time":"2019-08-01 20:31:09","animal_name":"Squirrel","weather":"Rainy","battery":59},
{"time":"2020-08-21 18:00:49","animal_name":"Rabbit","weather":"Cloudy","battery":85},
{"time":"2020-05-18 22:27:28","animal_name":"Squirrel","weather":"Cloudy","battery":93},
{"time":"2020-06-04 11:07:54","animal_name":"Rabbit","weather":"Clear","battery":8},
{"time":"2020-01-30 07:30:53","animal_name":"Squirrel","weather":"Cloudy","battery":78}]