[{"time":"2019-09-07 03:52:12","animal_name":"Deer","weather":"Clear","battery":36},
{"time":"2020-08-05 04:08:52","animal_name":"Rabbit","weather":"Clear","battery":81},
{"time":"2020-02-29 05:01:59","animal_name":"Rabbit","weather":"Clear","battery":47},
{"time":"2019-09-03 12:28:46","animal_name":"Squirrel","weather":"Cloudy","battery":86},
{"time":"2020-01-15 16:33:44","animal_name":"Squirrel","weather":"Clear","battery":87},
{"time":"2019-12-04 22:40:02","animal_name":"Squirrel","weather":"Clear","battery":84},
{"time":"2019-11-18 09:44:30","animal_name":"Rabbit","weather":"Clear","battery":96},
{"time":"2019-11-08 05:59:54","animal_name":"Squirrel","weather":"Rainy","battery":84},
{"time":"2019-10-26 12:09:57","animal_name":"Squirrel","weather":"Cloudy","battery":62},
{"time":"2019-07-31 01:30:53","animal_name":"Squirrel","weather":"Storm","battery":52},
{"time":"2020-02-25 19:38:19","animal_name":"Squirrel","weather":"Rainy","battery":31},
{"time":"2020-06-29 00:18:55","animal_name":"Squirrel","weather":"Clear","battery":54},
{"time":"2020-02-04 14:22:02","animal_name":"Deer","weather":"Clear","battery":27},
{"time":"2019-07-09 07:09:41","animal_name":"Squirrel","weather":"Cloudy","battery":4},
{"time":"2019-09-02 05:43:48","animal_name":"Rabbit","weather":"Cloudy","battery":46},
{"time":"2020-05-10 15:36:54","animal_name":"Squirrel","weather":"Cloudy","battery":20},
{"time":"2020-05-25 19:46:53","animal_name":"Squirrel","weather":"Clear","battery":25},
{"time":"2019-11-30 20:23:18","animal_name":"Rabbit","weather":"Clear","battery":64},
{"time":"2020-04-21 21:01:17","animal_name":"Rabbit","weather":"Storm","battery":85},
{"time":"2019-06-06 01:32:32","animal_name":"Squirrel","weather":"Clear","battery":48},
{"time":"2019-08-29 15:41:28","animal_name":"Squirrel","weather":"Clear","battery":54},
{"time":"2019-09-24 06:07:24","animal_name":"Squirrel","weather":"Cloudy","battery":98},
{"time":"2019-11-15 08:16:10","animal_name":"Deer","weather":"Cloudy","battery":90},
{"time":"2020-01-14 04:34:34","animal_name":"Rabbit","weather":"Clear","battery":72},
{"time":"2019-09-20 09:06:07","animal_name":"Squirrel","weather":"Clear","battery":60},
{"time":"2020-07-18 18:37:34","animal_name":"Rabbit","weather":"Cloudy","battery":30},
{"time":"2020-08-25 13:47:29","animal_name":"Rabbit","weather":"Clear","battery":60},
{"time":"2019-10-26 18:13:41","animal_name":"Rabbit","weather":"Clear","battery":12},
{"time":"2019-12-28 11:57:58","animal_name":"Rabbit","weather":"Clear","battery":39},
{"time":"2020-08-24 01:10:06","animal_name":"Deer","weather":"Clear","battery":21},
{"time":"2020-05-04 15:21:39","animal_name":"Squirrel","weather":"Clear","battery":48},
{"time":"2020-05-15 13:00:29","animal_name":"Rabbit","weather":"Cloudy","battery":94},
{"time":"2019-11-21 03:32:58","animal_name":"Rabbit","weather":"Clear","battery":39},
{"time":"2019-11-06 17:21:38","animal_name":"Rabbit","weather":"Cloudy","battery":10},
{"time":"2019-08-13 06:55:01","animal_name":"Squirrel","weather":"Clear","battery":14},
{"time":"2020-04-16 14:40:27","animal_name":"Squirrel","weather":"Cloudy","battery":25},
{"time":"2020-05-03 22:16:06","animal_name":"Squirrel","weather":"Clear","battery":8},
{"time":"2019-08-26 22:52:02","animal_name":"Squirrel","weather":"Rainy","battery":60},
{"time":"2019-08-07 18:12:48","animal_name":"Rabbit","weather":"Clear","battery":65},
{"time":"2020-03-25 23:51:03","animal_name":"Squirrel","weather":"Clear","battery":61},
{"time":"2019-06-28 20:04:47","animal_name":"Squirrel","weather":"Rainy","battery":5},
{"time":"2019-09-01 03:23:59","animal_name":"Squirrel","weather":"Cloudy","battery":81},
{"time":"2019-06-10 00:56:53","animal_name":"Deer","weather":"Clear","battery":64},
{"time":"2019-12-25 04:44:36","animal_name":"Rabbit","weather":"Clear","battery":41},
{"time":"2020-05-24 06:12:06","animal_name":"Squirrel","weather":"Cloudy","battery":38},
{"time":"2020-07-31 16:52:04","animal_name":"Rabbit","weather":"Clear","battery":17},
{"time":"2019-10-06 08:53:53","animal_name":"Rabbit","weather":"Clear","battery":95},
{"time":"2020-08-02 14:16:47","animal_name":"Squirrel","weather":"Clear","battery":40},
{"time":"2019-09-16 00:13:49","animal_name":"Rabbit","weather":"Clear","battery":65},
{"time":"2019-08-27 22:30:18","animal_name":"Deer","weather":"Clear","battery":99},
{"time":"2020-01-22 21:28:57","animal_name":"Squirrel","weather":"Clear","battery":66},
{"time":"2019-12-09 15:58:11","animal_name":"Squirrel","weather":"Rainy","battery":39},
{"time":"2019-09-27 12:04:45","animal_name":"Squirrel","weather":"Cloudy","battery":43},
{"time":"2020-05-23 12:16:45","animal_name":"Rabbit","weather":"Clear","battery":14},
{"time":"2020-03-04 12:01:51","animal_name":"Squirrel","weather":"Clear","battery":19},
{"time":"2019-08-25 03:37:52","animal_name":"Deer","weather":"Clear","battery":88},
{"time":"2020-04-18 23:23:33","animal_name":"Rabbit","weather":"Clear","battery":20},
{"time":"2019-07-20 10:50:54","animal_name":"Bear","weather":"Storm","battery":16},
{"time":"2020-01-31 20:29:38","animal_name":"Squirrel","weather":"Storm","battery":55},
{"time":"2020-05-10 15:57:44","animal_name":"Deer","weather":"Cloudy","battery":50},
{"time":"2020-05-05 11:52:56","animal_name":"Rabbit","weather":"Rainy","battery":2},
{"time":"2019-08-18 07:30:44","animal_name":"Rabbit","weather":"Clear","battery":23},
{"time":"2020-05-07 09:50:18","animal_name":"Rabbit","weather":"Clear","battery":14},
{"time":"2020-08-30 04:47:30","animal_name":"Squirrel","weather":"Cloudy","battery":96},
{"time":"2020-03-04 22:46:44","animal_name":"Rabbit","weather":"Clear","battery":100},
{"time":"2019-08-27 15:50:10","animal_name":"Rabbit","weather":"Clear","battery":75},
{"time":"2020-04-27 19:04:40","animal_name":"Deer","weather":"Cloudy","battery":89},
{"time":"2019-06-21 18:49:04","animal_name":"Bear","weather":"Clear","battery":29},
{"time":"2019-11-10 12:58:24","animal_name":"Rabbit","weather":"Clear","battery":83},
{"time":"2019-12-14 10:02:42","animal_name":null,"weather":"Cloudy","battery":56},
{"time":"2019-07-10 20:26:31","animal_name":"Squirrel","weather":"Cloudy","battery":18},
{"time":"2020-05-01 19:43:47","animal_name":"Rabbit","weather":"Clear","battery":17},
{"time":"2019-12-14 10:55:52","animal_name":"Squirrel","weather":"Storm","battery":33},
{"time":"2019-06-28 14:00:49","animal_name":"Rabbit","weather":"Clear","battery":98},
{"time":"2019-11-20 15:38:30","animal_name":"Rabbit","weather":"Cloudy","battery":45},
{"time":"2020-05-27 23:51:52","animal_name":"Squirrel","weather":"Clear","battery":78},
{"time":"2019-07-19 22:35:47","animal_name":"Squirrel","weather":"Clear","battery":68},
{"time":"2020-04-01 07:15:48","animal_name":"Rabbit","weather":"Cloudy","battery":58},
{"time":"2019-12-10 23:35:49","animal_name":"Rabbit","weather":"Cloudy","battery":87},
{"time":"2019-07-08 17:53:39","animal_name":"Deer","weather":"Clear","battery":66},
{"time":"2019-11-29 04:12:26","animal_name":"Wolf","weather":"Cloudy","battery":6},
{"time":"2020-07-15 14:11:24","animal_name":"Deer","weather":"Cloudy","battery":8},
{"time":"2019-12-10 12:14:43","animal_name":"Squirrel","weather":"Rainy","battery":23},
{"time":"2020-03-08 10:40:17","animal_name":"Wolf","weather":"Cloudy","battery":22},
{"time":"2019-11-11 16:36:58","animal_name":"Bear","weather":"Cloudy","battery":51},
{"time":"2019-10-16 22:10:19","animal_name":"Rabbit","weather":"Cloudy","battery":83},
{"time":"2019-10-23 00:53:36","animal_name":"Deer","weather":"Cloudy","battery":16},
{"time":"2020-02-29 22:29:42","animal_name":"Rabbit","weather":"Clear","battery":74},
{"time":"2019-09-16 20:45:55","animal_name":"Rabbit","weather":"Rainy","battery":13},
{"time":"2019-11-04 15:36:46","animal_name":"Squirrel","weather":"Cloudy","battery":63},
{"time":"2020-06-25 20:01:57","animal_name":"Squirrel","weather":"Cloudy","battery":58},
{"time":"2019-11-14 09:43:43","animal_name":"Rabbit","weather":"Storm","battery":17},
{"time":"2020-03-29 05:24:23","animal_name":"Bear","weather":"Clear","battery":31},
{"time":"2019-08-05 15:13:43","animal_name":"Bear","weather":"Clear","battery":88},
{"time":"2020-08-25 11:00:44","animal_name":"Squirrel","weather":"Cloudy","battery":57},
{"time":"2020-06-13 18:22:34","animal_name":"Rabbit","weather":"Cloudy","battery":53},
{"time":"2020-07-06 02:56:06","animal_name":"Squirrel","weather":"Cloudy","battery":28},
{"time":"2020-07-22 13:43:03","animal_name":"Squirrel","weather":"Clear","battery":28},
{"time":"2019-07-03 18:58:54","animal_name":"Squirrel","weather":"Rainy","battery":92},
{"time":"2020-06-11 13:56:57","animal_name":"Deer","weather":"Clear","battery":24}]