[{"time":"2020-07-23 15:30:26","animal_name":"Squirrel","weather":"Clear","battery":94},
{"time":"2019-07-07 13:02:43","animal_name":"Bear","weather":"Clear","battery":70},
{"time":"2019-12-10 07:03:42","animal_name":"Rabbit","weather":"Cloudy","battery":26},
{"time":"2019-06-22 20:43:36","animal_name":"Squirrel","weather":"Cloudy","battery":21},
{"time":"2020-02-24 22:02:03","animal_name":"Squirrel","weather":"Clear","battery":60},
{"time":"2019-11-03 03:08:08","animal_name":"Deer","weather":"Rainy","battery":12},
{"time":"2020-03-09 05:46:09","animal_name":"Squirrel","weather":"Cloudy","battery":65},
{"time":"2020-03-21 10:34:40","animal_name":"Squirrel","weather":"Clear","battery":88},
{"time":"2019-10-24 20:36:00","animal_name":null,"weather":"Clear","battery":100},
{"time":"2020-04-07 14:57:52","animal_name":"Squirrel","weather":"Cloudy","battery":72},
{"time":"2019-11-02 20:18:21","animal_name":"Rabbit","weather":"Cloudy","battery":29},
{"time":"2019-12-17 13:21:23","animal_name":"Rabbit","weather":"Cloudy","battery":83},
{"time":"2020-01-04 07:38:59","animal_name":"Squirrel","weather":"Rainy","battery":54},
{"time":"2019-07-05 05:26:22","animal_name":"Squirrel","weather":"Rainy","battery":63},
{"time":"2019-12-16 01:03:05","animal_name":"Deer","weather":"Clear","battery":81},
{"time":"2020-06-27 06:22:57","animal_name":"Rabbit","weather":"Clear","battery":61},
{"time":"2020-07-02 22:14:09","animal_name":"Rabbit","weather":"Rainy","battery":3},
{"time":"2020-07-11 14:30:06","animal_name":"Squirrel","weather":"Storm","battery":78},
{"time":"2020-08-29 05:56:52","animal_name":"Rabbit","weather":"Clear","battery":12},
{"time":"2019-10-27 03:22:02","animal_name":"Rabbit","weather":"Storm","battery":55},
{"time":"2019-07-27 14:23:51","animal_name":"Squirrel","weather":"Clear","battery":28},
{"time":"2020-03-30 20:36:41","animal_name":"Deer","weather":"Clear","battery":47},
{"time":"2019-10-01 17:10:37","animal_name":"Rabbit","weather":"Clear","battery":70},
{"time":"2019-07-29 02:05:45","animal_name":"Rabbit","weather":"Cloudy","battery":95},
{"time":"2020-06-30 07:59:11","animal_name":"Rabbit","weather":"Clear","battery":28},
{"time":"2019-10-18 20:04:44","animal_name":"Squirrel","weather":"Clear","battery":59},
{"time":"2019-10-12 21:56:38","animal_name":"Bear","weather":"Cloudy","battery":58},
{"time":"2020-05-09 07:00:14","animal_name":"Rabbit","weather":"Cloudy","battery":68},
{"time":"2020-02-29 07:24:21","animal_name":"Rabbit","weather":"Rainy","battery":29},
{"time":"2020-06-25 08:01:50","animal_name":"Rabbit","weather":"Clear","battery":33},
{"time":"2019-08-08 06:34:59","animal_name":"Rabbit","weather":"Cloudy","battery":23},
{"time":"2020-05-16 19:25:33","animal_name":"Rabbit","weather":"Clear","battery":89},
{"time":"2019-12-12 01:50:27","animal_name":"Deer","weather":"Cloudy","battery":37},
{"time":"2019-09-14 17:30:48","animal_name":"Rabbit","weather":"Clear","battery":54},
{"time":"2020-08-26 01:56:36","animal_name":"Rabbit","weather":"Rainy","battery":84},
{"time":"2020-04-18 13:26:30","animal_name":"Rabbit","weather":"Cloudy","battery":12},
{"time":"2019-11-26 05:31:31","animal_name":"Squirrel","weather":"Clear","battery":48},
{"time":"2020-07-26 17:06:24","animal_name":"Squirrel","weather":"Clear","battery":20},
{"time":"2019-12-27 09:36:46","animal_name":"Deer","weather":"Cloudy","battery":27},
{"time":"2020-04-10 03:30:40","animal_name":"Squirrel","weather":"Cloudy","battery":81},
{"time":"2020-05-13 09:22:48","animal_name":"Rabbit","weather":"Cloudy","battery":17},
{"time":"2019-10-20 15:55:35","animal_name":"Squirrel","weather":"Clear","battery":42},
{"time":"2020-06-13 19:20:43","animal_name":"Rabbit","weather":"Cloudy","battery":40},
{"time":"2019-12-05 18:58:43","animal_name":"Rabbit","weather":"Cloudy","battery":15},
{"time":"2020-07-01 22:22:56","animal_name":"Deer","weather":"Clear","battery":3},
{"time":"2019-09-01 04:41:42","animal_name":"Rabbit","weather":"Clear","battery":78},
{"time":"2020-08-23 02:55:33","animal_name":"Rabbit","weather":"Clear","battery":87},
{"time":"2019-10-17 17:34:00","animal_name":"Rabbit","weather":"Cloudy","battery":42},
{"time":"2020-03-09 17:47:47","animal_name":"Squirrel","weather":"Clear","battery":50},
{"time":"2020-08-21 06:26:00","animal_name":"Squirrel","weather":"Cloudy","battery":40},
{"time":"2020-01-07 17:29:38","animal_name":"Squirrel","weather":"Clear","battery":66},
{"time":"2019-12-28 18:41:06","animal_name":"Squirrel","weather":"Cloudy","battery":92},
{"time":"2020-07-31 05:37:51","animal_name":"Squirrel","weather":"Clear","battery":99},
{"time":"2019-06-01 04:07:32","animal_name":"Rabbit","weather":"Storm","battery":12},
{"time":"2020-06-07 21:11:03","animal_name":"Rabbit","weather":"Cloudy","battery":46},
{"time":"2019-10-02 16:04:14","animal_name":"Deer","weather":"Clear","battery":1},
{"time":"2019-11-07 17:51:09","animal_name":"Squirrel","weather":"Cloudy","battery":51},
{"time":"2020-08-27 09:07:54","animal_name":"Squirrel","weather":"Rainy","battery":92},
{"time":"2020-01-20 13:42:34","animal_name":"Squirrel","weather":"Clear","battery":69},
{"time":"2020-02-16 20:47:02","animal_name":"Deer","weather":"Clear","battery":2},
{"time":"2020-06-12 14:29:21","animal_name":"Deer","weather":"Cloudy","battery":52},
{"time":"2020-01-05 14:06:09","animal_name":"Squirrel","weather":"Cloudy","battery":59},
{"time":"2020-04-10 02:34:06","animal_name":"Deer","weather":"Clear","battery":43},
{"time":"2020-07-23 12:26:47","animal_name":"Rabbit","weather":"Rainy","battery":21},
{"time":"2019-06-26 22:26:17","animal_name":"Rabbit","weather":"Clear","battery":45},
{"time":"2020-05-28 05:23:05","animal_name":"Squirrel","weather":"Clear","battery":18},
{"time":"2019-06-29 23:58:42","animal_name":"Squirrel","weather":"Clear","battery":7},
{"time":"2019-08-20 23:18:18","animal_name":"Squirrel","weather":"Clear","battery":71},
{"time":"2019-08-21 11:39:43","animal_name":"Bear","weather":"Clear","battery":3},
{"time":"2020-06-22 08:16:34","animal_name":"Squirrel","weather":"Clear","battery":15},
{"time":"2020-07-28 13:34:42","animal_name":"Rabbit","weather":"Rainy","battery":78},
{"time":"2020-05-31 10:56:27","animal_name":"Rabbit","weather":"Rainy","battery":35},
{"time":"2020-04-03 06:58:32","animal_name":"Squirrel","weather":"Storm","battery":74},
{"time":"2019-09-20 02:32:29","animal_name":"Rabbit","weather":"Rainy","battery":3},
{"time":"2020-05-24 14:25:20","animal_name":"Squirrel","weather":"Rainy","battery":42},
{"time":"2020-08-25 04:48:38","animal_name":"Squirrel","weather":"Rainy","battery":39},
{"time":"2019-08-13 20:07:03","animal_name":"Squirrel","weather":"Clear","battery":43},
{"time":"2020-04-10 11:38:41","animal_name":"Deer","weather":"Storm","battery":30},
{"time":"2019-11-04 00:36:57","animal_name":"Rabbit","weather":"Clear","battery":8},
{"time":"2020-03-05 17:00:13","animal_name":"Rabbit","weather":"Clear","battery":45},
{"time":"2019-10-02 12:24:55","animal_name":"Rabbit","weather":"Clear","battery":53},
{"time":"2020-07-16 15:10:32","animal_name":"Squirrel","weather":"Storm","battery":86},
{"time":"2020-05-23 18:11:36","animal_name":"Squirrel","weather":"Rainy","battery":33},
{"time":"2020-02-29 23:59:46","animal_name":"Rabbit","weather":"Cloudy","battery":77},
{"time":"2020-01-07 01:25:26","animal_name":"Rabbit","weather":"Cloudy","battery":14},
{"time":"2019-12-01 18:34:11","animal_name":"Wolf","weather":"Clear","battery":78},
{"time":"2019-08-03 13:31:04","animal_name":"Rabbit","weather":"Clear","battery":72},
{"time":"2020-07-02 20:42:54","animal_name":"Rabbit","weather":"Clear","battery":23},
{"time":"2020-08-30 09:44:55","animal_name":"Rabbit","weather":"Cloudy","battery":84},
{"time":"2019-10-14 14:14:05","animal_name":"Rabbit","weather":"Clear","battery":42},
{"time":"2020-02-20 01:12:01","animal_name":"Squirrel","weather":"Storm","battery":12},
{"time":"2019-09-18 06:02:29","animal_name":"Deer","weather":"Rainy","battery":33},
{"time":"2020-05-24 06:38:56","animal_name":"Squirrel","weather":"Clear","battery":34},
{"time":"2020-03-18 05:00:32","animal_name":"Squirrel","weather":"Cloudy","battery":20},
{"time":"2019-10-09 00:04:19","animal_name":"Squirrel","weather":"Cloudy","battery":61},
{"time":"2020-06-29 14:13:45","animal_name":"Rabbit","weather":"Rainy","battery":93},
{"time":"2019-06-09 05:56:15","animal_name":"Squirrel","weather":"Rainy","battery":61},
{"time":"2020-07-27 16:36:57","animal_name":"Squirrel","weather":"Clear","battery":50},
{"time":"2020-02-01 02:22:15","animal_name":"Deer","weather":"Clear","battery":14},
{"time":"2020-07-19 11:24:38","animal_name":"Rabbit","weather":"Rainy","battery":22}]
