[{"time":"2019-07-28 10:04:04","animal_name":"Squirrel","weather":"Cloudy","battery":51},
{"time":"2019-08-29 22:15:16","animal_name":"Bear","weather":"Clear","battery":11},
{"time":"2019-11-23 01:43:12","animal_name":"Squirrel","weather":"Cloudy","battery":74},
{"time":"2020-04-05 00:34:47","animal_name":"Deer","weather":"Clear","battery":3},
{"time":"2019-06-10 01:03:45","animal_name":null,"weather":"Clear","battery":73},
{"time":"2019-09-25 13:51:58","animal_name":"Rabbit","weather":"Clear","battery":82},
{"time":"2020-03-24 22:53:37","animal_name":"Deer","weather":"Cloudy","battery":11},
{"time":"2019-11-10 18:28:46","animal_name":null,"weather":"Clear","battery":39},
{"time":"2020-05-30 20:08:45","animal_name":"Wolf","weather":"Clear","battery":77},
{"time":"2019-12-25 04:25:33","animal_name":"Rabbit","weather":"Clear","battery":9},
{"time":"2019-09-30 10:46:40","animal_name":"Squirrel","weather":"Rainy","battery":70},
{"time":"2020-04-16 16:22:43","animal_name":"Squirrel","weather":"Clear","battery":62},
{"time":"2019-09-06 11:06:06","animal_name":"Squirrel","weather":"Storm","battery":29},
{"time":"2020-06-16 00:19:22","animal_name":"Rabbit","weather":"Rainy","battery":60},
{"time":"2019-10-17 06:44:19","animal_name":"Rabbit","weather":"Rainy","battery":50},
{"time":"2020-01-29 00:59:59","animal_name":"Wolf","weather":"Clear","battery":7},
{"time":"2020-05-02 08:21:26","animal_name":"Deer","weather":"Clear","battery":5},
{"time":"2020-04-01 19:32:28","animal_name":"Squirrel","weather":"Clear","battery":16},
{"time":"2019-09-17 12:38:03","animal_name":"Rabbit","weather":"Clear","battery":88},
{"time":"2020-08-06 01:27:10","animal_name":"Rabbit","weather":"Rainy","battery":82},
{"time":"2019-12-18 16:50:49","animal_name":"Deer","weather":"Clear","battery":45},
{"time":"2020-06-08 14:07:23","animal_name":"Squirrel","weather":"Clear","battery":53},
{"time":"2020-04-17 07:25:17","animal_name":"Wolf","weather":"Clear","battery":98},
{"time":"2019-10-01 08:38:40","animal_name":"Rabbit","weather":"Clear","battery":2},
{"time":"2019-12-24 16:59:57","animal_name":"Wolf","weather":"Clear","battery":48},
{"time":"2020-07-16 05:06:10","animal_name":"Rabbit","weather":"Clear","battery":100},
{"time":"2019-12-18 17:35:59","animal_name":"Rabbit","weather":"Clear","battery":20},
{"time":"2019-09-29 04:15:17","animal_name":"Squirrel","weather":"Rainy","battery":2},
{"time":"2019-08-04 11:12:12","animal_name":"Rabbit","weather":"Cloudy","battery":7},
{"time":"2019-10-20 17:45:19","animal_name":"Squirrel","weather":"Clear","battery":52},
{"time":"2019-08-19 22:49:55","animal_name":"Rabbit","weather":"Rainy","battery":61},
{"time":"2019-09-07 09:53:37","animal_name":"Squirrel","weather":"Cloudy","battery":66},
{"time":"2019-10-21 08:06:26","animal_name":"Squirrel","weather":"Cloudy","battery":16},
{"time":"2020-03-27 01:25:36","animal_name":"Squirrel","weather":"Clear","battery":88},
{"time":"2020-01-25 17:10:10","animal_name":"Squirrel","weather":"Clear","battery":48},
{"time":"2019-09-30 05:47:38","animal_name":"Rabbit","weather":"Clear","battery":90},
{"time":"2019-09-12 00:28:47","animal_name":"Squirrel","weather":"Clear","battery":3},
{"time":"2020-08-03 12:11:50","animal_name":"Rabbit","weather":"Clear","battery":25},
{"time":"2019-07-01 23:44:45","animal_name":"Squirrel","weather":"Clear","battery":99},
{"time":"2020-06-02 15:40:57","animal_name":"Squirrel","weather":"Cloudy","battery":24},
{"time":"2019-10-02 07:07:01","animal_name":"Squirrel","weather":"Clear","battery":88},
{"time":"2019-07-13 08:39:40","animal_name":"Bear","weather":"Clear","battery":56},
{"time":"2019-08-19 20:51:41","animal_name":"Squirrel","weather":"Clear","battery":12},
{"time":"2020-06-26 18:44:12","animal_name":"Deer","weather":"Cloudy","battery":24},
{"time":"2020-03-08 20:51:57","animal_name":"Rabbit","weather":"Clear","battery":65},
{"time":"2019-06-22 04:12:31","animal_name":"Bear","weather":"Cloudy","battery":34},
{"time":"2019-08-27 00:45:53","animal_name":"Rabbit","weather":"Clear","battery":47},
{"time":"2019-11-26 11:03:23","animal_name":"Deer","weather":"Cloudy","battery":34},
{"time":"2019-07-22 02:21:33","animal_name":"Rabbit","weather":"Clear","battery":71},
{"time":"2020-04-05 21:19:40","animal_name":"Squirrel","weather":"Clear","battery":38},
{"time":"2019-10-13 22:12:11","animal_name":"Bear","weather":"Clear","battery":26},
{"time":"2019-10-27 18:49:25","animal_name":"Squirrel","weather":"Cloudy","battery":4},
{"time":"2019-11-05 16:58:15","animal_name":"Rabbit","weather":"Clear","battery":98},
{"time":"2019-07-21 02:29:26","animal_name":"Squirrel","weather":"Clear","battery":36},
{"time":"2020-08-22 04:53:00","animal_name":"Rabbit","weather":"Clear","battery":3},
{"time":"2019-09-11 00:50:29","animal_name":"Deer","weather":"Cloudy","battery":44},
{"time":"2020-02-16 19:33:52","animal_name":"Rabbit","weather":"Clear","battery":14},
{"time":"2019-12-07 16:45:42","animal_name":"Rabbit","weather":"Clear","battery":52},
{"time":"2019-07-17 09:14:42","animal_name":"Squirrel","weather":"Clear","battery":11},
{"time":"2019-10-02 14:34:43","animal_name":"Squirrel","weather":"Clear","battery":77},
{"time":"2019-07-21 05:28:59","animal_name":"Rabbit","weather":"Clear","battery":85},
{"time":"2020-04-22 08:39:38","animal_name":"Squirrel","weather":"Storm","battery":79},
{"time":"2020-07-08 14:45:41","animal_name":"Rabbit","weather":"Clear","battery":44},
{"time":"2019-12-09 17:05:38","animal_name":"Deer","weather":"Clear","battery":44},
{"time":"2019-10-12 01:14:11","animal_name":"Squirrel","weather":"Rainy","battery":93},
{"time":"2020-06-27 03:07:25","animal_name":"Rabbit","weather":"Cloudy","battery":86},
{"time":"2019-07-18 18:28:41","animal_name":"Rabbit","weather":"Cloudy","battery":21},
{"time":"2019-11-13 14:00:01","animal_name":"Bear","weather":"Rainy","battery":49},
{"time":"2020-02-17 11:16:52","animal_name":"Deer","weather":"Clear","battery":95},
{"time":"2020-03-19 16:45:27","animal_name":"Rabbit","weather":"Clear","battery":84},
{"time":"2019-09-11 20:23:17","animal_name":"Rabbit","weather":"Clear","battery":73},
{"time":"2019-10-30 23:43:49","animal_name":"Squirrel","weather":"Cloudy","battery":43},
{"time":"2020-07-16 13:01:46","animal_name":"Squirrel","weather":"Cloudy","battery":26},
{"time":"2020-03-19 20:19:19","animal_name":"Deer","weather":"Storm","battery":68},
{"time":"2019-12-26 01:46:02","animal_name":"Rabbit","weather":"Clear","battery":41},
{"time":"2020-01-31 13:48:14","animal_name":"Squirrel","weather":"Cloudy","battery":57},
{"time":"2020-01-23 06:19:43","animal_name":"Squirrel","weather":"Clear","battery":5},
{"time":"2019-09-12 03:43:56","animal_name":"Squirrel","weather":"Storm","battery":98},
{"time":"2020-02-08 16:39:01","animal_name":"Bear","weather":"Clear","battery":61},
{"time":"2020-03-07 03:31:10","animal_name":"Deer","weather":"Clear","battery":52},
{"time":"2020-03-05 00:38:27","animal_name":"Squirrel","weather":"Clear","battery":59},
{"time":"2019-07-06 20:12:17","animal_name":"Rabbit","weather":"Clear","battery":63},
{"time":"2020-04-04 20:26:00","animal_name":"Rabbit","weather":"Clear","battery":80},
{"time":"2019-08-25 10:17:54","animal_name":"Deer","weather":"Clear","battery":20},
{"time":"2019-09-28 21:07:04","animal_name":"Rabbit","weather":"Cloudy","battery":60},
{"time":"2020-02-12 14:24:49","animal_name":"Rabbit","weather":"Clear","battery":39},
{"time":"2019-09-09 05:13:33","animal_name":"Squirrel","weather":"Clear","battery":72},
{"time":"2020-05-25 05:00:03","animal_name":"Wolf","weather":"Clear","battery":28},
{"time":"2019-07-21 04:33:08","animal_name":"Squirrel","weather":"Cloudy","battery":7},
{"time":"2019-09-09 20:13:41","animal_name":"Deer","weather":"Cloudy","battery":65},
{"time":"2020-01-01 19:35:17","animal_name":"Deer","weather":"Cloudy","battery":35},
{"time":"2020-02-06 09:04:57","animal_name":"Rabbit","weather":"Cloudy","battery":93},
{"time":"2019-09-28 11:45:41","animal_name":"Rabbit","weather":"Clear","battery":1},
{"time":"2020-04-15 03:31:31","animal_name":"Squirrel","weather":"Clear","battery":51},
{"time":"2019-09-12 17:55:11","animal_name":"Squirrel","weather":"Clear","battery":82},
{"time":"2020-04-22 01:21:53","animal_name":"Deer","weather":"Storm","battery":41},
{"time":"2019-06-02 07:04:25","animal_name":"Squirrel","weather":"Clear","battery":97},
{"time":"2019-11-09 06:28:33","animal_name":"Squirrel","weather":"Clear","battery":33},
{"time":"2020-03-30 09:21:26","animal_name":"Bear","weather":"Clear","battery":1},
{"time":"2020-02-19 11:24:10","animal_name":"Squirrel","weather":"Clear","battery":28}]