[{"time":"2019-07-10 02:47:22","animal_name":"Rabbit","weather":"Rainy","battery":46},
{"time":"2019-10-28 23:12:57","animal_name":"Deer","weather":"Clear","battery":33},
{"time":"2019-10-30 20:31:25","animal_name":"Rabbit","weather":"Cloudy","battery":8},
{"time":"2020-02-16 09:44:45","animal_name":"Rabbit","weather":"Clear","battery":79},
{"time":"2020-04-30 05:00:11","animal_name":"Squirrel","weather":"Clear","battery":68},
{"time":"2020-03-31 00:58:52","animal_name":"Rabbit","weather":"Clear","battery":55},
{"time":"2019-10-17 10:31:52","animal_name":"Rabbit","weather":"Clear","battery":16},
{"time":"2020-06-24 00:16:36","animal_name":"Rabbit","weather":"Rainy","battery":45},
{"time":"2020-07-21 22:17:12","animal_name":"Deer","weather":"Clear","battery":76},
{"time":"2020-04-18 19:41:51","animal_name":"Squirrel","weather":"Rainy","battery":58},
{"time":"2020-05-12 13:39:37","animal_name":"Rabbit","weather":"Clear","battery":57},
{"time":"2019-07-24 09:19:34","animal_name":"Rabbit","weather":"Cloudy","battery":41},
{"time":"2020-08-07 18:48:29","animal_name":"Rabbit","weather":"Cloudy","battery":61},
{"time":"2020-07-23 07:18:57","animal_name":"Bear","weather":"Cloudy","battery":67},
{"time":"2019-11-07 18:05:55","animal_name":"Bear","weather":"Rainy","battery":41},
{"time":"2020-02-03 16:59:43","animal_name":"Squirrel","weather":"Clear","battery":52},
{"time":"2020-03-07 11:58:14","animal_name":"Squirrel","weather":"Clear","battery":32},
{"time":"2020-05-17 18:49:35","animal_name":"Squirrel","weather":"Clear","battery":52},
{"time":"2019-11-27 02:54:31","animal_name":"Rabbit","weather":"Clear","battery":40},
{"time":"2020-05-04 12:57:50","animal_name":"Rabbit","weather":"Cloudy","battery":74},
{"time":"2019-11-18 20:41:37","animal_name":"Squirrel","weather":"Clear","battery":85},
{"time":"2020-05-09 23:21:27","animal_name":"Rabbit","weather":"Clear","battery":100},
{"time":"2019-08-20 16:48:03","animal_name":"Squirrel","weather":"Clear","battery":26},
{"time":"2020-07-02 11:38:09","animal_name":"Squirrel","weather":"Rainy","battery":81},
{"time":"2020-02-18 04:12:38","animal_name":"Squirrel","weather":"Clear","battery":34},
{"time":"2019-09-12 08:59:34","animal_name":"Rabbit","weather":"Storm","battery":96},
{"time":"2020-03-08 12:23:37","animal_name":"Squirrel","weather":"Clear","battery":22},
{"time":"2020-05-23 13:32:48","animal_name":"Rabbit","weather":"Rainy","battery":92},
{"time":"2019-12-06 20:55:48","animal_name":"Squirrel","weather":"Rainy","battery":61},
{"time":"2020-02-23 14:06:15","animal_name":"Squirrel","weather":"Cloudy","battery":62},
{"time":"2020-06-17 20:46:03","animal_name":"Rabbit","weather":"Clear","battery":6},
{"time":"2020-05-24 06:27:15","animal_name":"Squirrel","weather":"Clear","battery":76},
{"time":"2020-07-07 10:59:34","animal_name":"Squirrel","weather":"Rainy","battery":14},
{"time":"2020-01-06 09:41:53","animal_name":"Squirrel","weather":"Clear","battery":87},
{"time":"2019-10-14 11:21:12","animal_name":"Squirrel","weather":"Rainy","battery":7},
{"time":"2020-06-12 09:38:58","animal_name":"Squirrel","weather":"Clear","battery":23},
{"time":"2019-12-06 02:48:04","animal_name":"Deer","weather":"Rainy","battery":80},
{"time":"2019-12-27 04:30:04","animal_name":"Rabbit","weather":"Clear","battery":91},
{"time":"2019-08-15 22:21:16","animal_name":"Rabbit","weather":"Clear","battery":63},
{"time":"2020-01-16 17:52:41","animal_name":"Rabbit","weather":"Cloudy","battery":21},
{"time":"2019-07-31 02:17:10","animal_name":"Deer","weather":"Rainy","battery":56},
{"time":"2020-07-25 15:45:49","animal_name":"Rabbit","weather":"Rainy","battery":76},
{"time":"2020-04-20 01:50:18","animal_name":"Rabbit","weather":"Clear","battery":8},
{"time":"2019-08-31 16:39:47","animal_name":"Deer","weather":"Clear","battery":21},
{"time":"2020-06-13 00:03:59","animal_name":"Rabbit","weather":"Clear","battery":45},
{"time":"2019-06-13 09:24:36","animal_name":"Rabbit","weather":"Clear","battery":47},
{"time":"2020-03-15 18:02:39","animal_name":"Squirrel","weather":"Rainy","battery":56},
{"time":"2019-07-01 20:56:33","animal_name":"Rabbit","weather":"Cloudy","battery":22},
{"time":"2020-03-11 21:08:59","animal_name":"Squirrel","weather":"Cloudy","battery":22},
{"time":"2019-11-23 18:42:39","animal_name":"Rabbit","weather":"Rainy","battery":71},
{"time":"2019-09-16 03:16:52","animal_name":"Squirrel","weather":"Storm","battery":12},
{"time":"2020-06-07 05:45:54","animal_name":"Squirrel","weather":"Clear","battery":7},
{"time":"2019-12-11 16:01:28","animal_name":"Rabbit","weather":"Clear","battery":50},
{"time":"2020-01-08 15:12:21","animal_name":"Bear","weather":"Rainy","battery":25},
{"time":"2020-07-07 21:28:21","animal_name":"Squirrel","weather":"Cloudy","battery":48},
{"time":"2020-06-13 14:50:19","animal_name":"Wolf","weather":"Cloudy","battery":17},
{"time":"2019-10-31 03:18:32","animal_name":"Wolf","weather":"Clear","battery":13},
{"time":"2020-05-08 09:05:15","animal_name":"Squirrel","weather":"Clear","battery":68},
{"time":"2020-04-09 00:15:24","animal_name":"Squirrel","weather":"Rainy","battery":8},
{"time":"2020-05-07 22:35:43","animal_name":"Bear","weather":"Rainy","battery":57},
{"time":"2020-01-29 14:29:07","animal_name":"Squirrel","weather":"Rainy","battery":64},
{"time":"2020-01-11 23:40:51","animal_name":"Squirrel","weather":"Clear","battery":94},
{"time":"2020-02-06 14:54:18","animal_name":"Squirrel","weather":"Clear","battery":67},
{"time":"2019-10-11 13:27:54","animal_name":"Rabbit","weather":"Rainy","battery":61},
{"time":"2019-11-06 05:35:41","animal_name":"Rabbit","weather":"Clear","battery":94},
{"time":"2020-03-03 20:26:21","animal_name":"Squirrel","weather":"Clear","battery":48},
{"time":"2020-06-07 20:10:21","animal_name":"Squirrel","weather":"Cloudy","battery":71},
{"time":"2020-04-17 05:05:51","animal_name":"Deer","weather":"Clear","battery":8},
{"time":"2020-01-20 11:39:35","animal_name":"Deer","weather":"Rainy","battery":14},
{"time":"2019-09-26 15:47:23","animal_name":"Squirrel","weather":"Cloudy","battery":54},
{"time":"2019-10-01 02:37:51","animal_name":"Wolf","weather":"Cloudy","battery":90},
{"time":"2019-08-22 02:49:42","animal_name":"Rabbit","weather":"Rainy","battery":8},
{"time":"2019-06-25 06:54:56","animal_name":"Rabbit","weather":"Clear","battery":96},
{"time":"2019-07-29 16:32:56","animal_name":"Squirrel","weather":"Rainy","battery":93},
{"time":"2020-08-26 12:51:57","animal_name":"Squirrel","weather":"Rainy","battery":35},
{"time":"2020-07-15 16:34:17","animal_name":"Squirrel","weather":"Cloudy","battery":39},
{"time":"2019-11-12 08:41:50","animal_name":"Squirrel","weather":"Clear","battery":60},
{"time":"2020-03-20 08:23:11","animal_name":"Squirrel","weather":"Storm","battery":5},
{"time":"2019-09-21 12:12:25","animal_name":"Squirrel","weather":"Clear","battery":14},
{"time":"2019-10-04 06:16:20","animal_name":"Rabbit","weather":"Clear","battery":51},
{"time":"2019-11-02 08:38:32","animal_name":"Deer","weather":"Rainy","battery":52},
{"time":"2020-03-19 23:19:00","animal_name":"Rabbit","weather":"Cloudy","battery":27},
{"time":"2020-03-01 12:12:59","animal_name":"Rabbit","weather":"Clear","battery":83},
{"time":"2020-07-09 18:53:54","animal_name":"Squirrel","weather":"Cloudy","battery":26},
{"time":"2020-02-25 15:14:28","animal_name":"Deer","weather":"Cloudy","battery":93},
{"time":"2019-11-19 23:55:32","animal_name":"Rabbit","weather":"Clear","battery":54},
{"time":"2020-07-20 19:31:17","animal_name":"Deer","weather":"Clear","battery":30},
{"time":"2020-03-08 16:53:46","animal_name":"Bear","weather":"Clear","battery":89},
{"time":"2020-05-29 13:42:00","animal_name":"Rabbit","weather":"Rainy","battery":87},
{"time":"2020-08-04 19:52:37","animal_name":"Squirrel","weather":"Rainy","battery":89},
{"time":"2019-09-13 14:44:36","animal_name":"Rabbit","weather":"Cloudy","battery":82},
{"time":"2020-04-26 16:12:00","animal_name":"Squirrel","weather":"Clear","battery":50},
{"time":"2019-11-05 00:57:29","animal_name":"Squirrel","weather":"Clear","battery":42},
{"time":"2019-08-09 20:03:19","animal_name":"Squirrel","weather":"Cloudy","battery":44},
{"time":"2019-09-10 16:38:08","animal_name":"Squirrel","weather":"Rainy","battery":57},
{"time":"2020-03-01 18:23:00","animal_name":"Rabbit","weather":"Cloudy","battery":90},
{"time":"2020-01-22 12:35:43","animal_name":"Rabbit","weather":"Cloudy","battery":40},
{"time":"2019-10-26 00:51:14","animal_name":"Rabbit","weather":"Storm","battery":1},
{"time":"2019-11-26 16:54:16","animal_name":"Rabbit","weather":"Clear","battery":47},
{"time":"2019-09-22 09:49:43","animal_name":"Rabbit","weather":"Clear","battery":22}]