[{"time":"2019-11-29 18:29:56","animal_name":"Rabbit","weather":"Clear","battery":39},
{"time":"2020-01-08 19:25:02","animal_name":"Rabbit","weather":"Clear","battery":66},
{"time":"2019-06-08 19:11:37","animal_name":"Deer","weather":"Clear","battery":48},
{"time":"2019-09-14 02:43:38","animal_name":"Squirrel","weather":"Rainy","battery":33},
{"time":"2020-02-09 14:50:21","animal_name":"Squirrel","weather":"Cloudy","battery":75},
{"time":"2020-05-11 03:21:41","animal_name":"Rabbit","weather":"Storm","battery":22},
{"time":"2019-06-02 13:22:07","animal_name":"Rabbit","weather":"Cloudy","battery":30},
{"time":"2019-06-16 12:49:25","animal_name":"Squirrel","weather":"Rainy","battery":33},
{"time":"2020-02-02 06:51:55","animal_name":"Squirrel","weather":"Clear","battery":38},
{"time":"2020-05-22 15:41:02","animal_name":"Squirrel","weather":"Cloudy","battery":20},
{"time":"2020-06-17 21:16:45","animal_name":"Squirrel","weather":"Clear","battery":34},
{"time":"2019-08-08 19:49:48","animal_name":"Deer","weather":"Rainy","battery":67},
{"time":"2019-09-14 11:39:02","animal_name":"Squirrel","weather":"Clear","battery":72},
{"time":"2020-02-25 05:30:22","animal_name":"Rabbit","weather":"Cloudy","battery":88},
{"time":"2020-07-19 15:02:43","animal_name":"Squirrel","weather":"Clear","battery":75},
{"time":"2020-02-09 02:54:44","animal_name":"Rabbit","weather":"Clear","battery":36},
{"time":"2020-07-18 20:17:04","animal_name":"Squirrel","weather":"Clear","battery":82},
{"time":"2019-12-27 19:20:48","animal_name":"Rabbit","weather":"Clear","battery":38},
{"time":"2019-09-12 09:00:34","animal_name":"Squirrel","weather":"Clear","battery":40},
{"time":"2019-06-15 22:46:33","animal_name":"Wolf","weather":"Clear","battery":7},
{"time":"2020-03-20 22:06:46","animal_name":"Rabbit","weather":"Clear","battery":28},
{"time":"2019-06-28 04:55:59","animal_name":"Squirrel","weather":"Clear","battery":31},
{"time":"2019-09-14 19:51:55","animal_name":"Wolf","weather":"Clear","battery":2},
{"time":"2019-12-15 12:36:44","animal_name":"Rabbit","weather":"Clear","battery":49},
{"time":"2019-07-09 09:13:47","animal_name":"Deer","weather":"Clear","battery":31},
{"time":"2020-02-07 00:59:45","animal_name":"Deer","weather":"Cloudy","battery":12},
{"time":"2020-08-06 21:18:15","animal_name":"Deer","weather":"Clear","battery":76},
{"time":"2020-01-31 04:54:02","animal_name":"Rabbit","weather":"Clear","battery":86},
{"time":"2020-06-03 04:32:02","animal_name":"Deer","weather":"Clear","battery":12},
{"time":"2019-08-25 04:32:51","animal_name":"Squirrel","weather":"Clear","battery":68},
{"time":"2019-06-06 02:46:31","animal_name":"Rabbit","weather":"Clear","battery":83},
{"time":"2019-06-23 14:10:28","animal_name":"Deer","weather":"Clear","battery":86},
{"time":"2020-02-11 01:23:07","animal_name":"Squirrel","weather":"Cloudy","battery":10},
{"time":"2019-11-11 23:18:00","animal_name":"Deer","weather":"Clear","battery":55},
{"time":"2019-10-11 22:54:52","animal_name":"Wolf","weather":"Clear","battery":19},
{"time":"2019-07-12 18:40:26","animal_name":"Wolf","weather":"Cloudy","battery":11},
{"time":"2019-09-07 21:36:14","animal_name":"Rabbit","weather":"Cloudy","battery":48},
{"time":"2020-03-21 23:50:50","animal_name":"Rabbit","weather":"Clear","battery":49},
{"time":"2019-06-26 02:51:40","animal_name":"Rabbit","weather":"Cloudy","battery":18},
{"time":"2020-03-07 21:56:59","animal_name":"Rabbit","weather":"Storm","battery":36},
{"time":"2019-12-13 15:21:28","animal_name":"Squirrel","weather":"Rainy","battery":8},
{"time":"2019-09-23 20:54:50","animal_name":"Squirrel","weather":"Clear","battery":62},
{"time":"2019-10-24 18:47:20","animal_name":"Squirrel","weather":"Clear","battery":94},
{"time":"2020-08-25 06:11:09","animal_name":"Rabbit","weather":"Clear","battery":61},
{"time":"2020-02-05 09:10:56","animal_name":"Rabbit","weather":"Clear","battery":65},
{"time":"2020-03-04 12:43:55","animal_name":"Rabbit","weather":"Clear","battery":17},
{"time":"2019-12-06 06:52:15","animal_name":"Rabbit","weather":"Clear","battery":99},
{"time":"2020-02-16 15:30:37","animal_name":"Rabbit","weather":"Cloudy","battery":39},
{"time":"2019-07-29 18:19:40","animal_name":"Bear","weather":"Clear","battery":51},
{"time":"2019-09-03 04:45:49","animal_name":"Deer","weather":"Clear","battery":57},
{"time":"2020-07-20 04:47:02","animal_name":"Rabbit","weather":"Cloudy","battery":79},
{"time":"2019-09-05 16:58:05","animal_name":"Rabbit","weather":"Clear","battery":20},
{"time":"2019-07-09 14:11:40","animal_name":"Squirrel","weather":"Clear","battery":37},
{"time":"2020-06-12 11:33:13","animal_name":"Rabbit","weather":"Clear","battery":89},
{"time":"2020-05-05 16:27:04","animal_name":"Squirrel","weather":"Clear","battery":24},
{"time":"2020-06-21 21:39:21","animal_name":"Squirrel","weather":"Clear","battery":72},
{"time":"2020-01-22 04:53:01","animal_name":"Squirrel","weather":"Clear","battery":42},
{"time":"2019-10-13 10:02:11","animal_name":"Rabbit","weather":"Cloudy","battery":26},
{"time":"2020-02-05 06:58:24","animal_name":"Rabbit","weather":"Cloudy","battery":29},
{"time":"2020-02-04 16:01:31","animal_name":"Deer","weather":"Clear","battery":11},
{"time":"2019-11-18 09:05:51","animal_name":"Rabbit","weather":"Clear","battery":61},
{"time":"2020-01-22 08:04:18","animal_name":"Rabbit","weather":"Clear","battery":29},
{"time":"2020-04-05 08:31:06","animal_name":"Deer","weather":"Clear","battery":85},
{"time":"2019-10-10 04:35:27","animal_name":"Squirrel","weather":"Clear","battery":27},
{"time":"2020-05-30 08:11:51","animal_name":"Rabbit","weather":"Clear","battery":16},
{"time":"2019-09-24 07:24:55","animal_name":"Rabbit","weather":"Storm","battery":54},
{"time":"2020-07-08 14:20:14","animal_name":"Rabbit","weather":"Cloudy","battery":69},
{"time":"2020-02-23 10:33:11","animal_name":"Rabbit","weather":"Rainy","battery":69},
{"time":"2019-08-17 20:02:43","animal_name":"Rabbit","weather":"Clear","battery":44},
{"time":"2019-08-07 11:17:30","animal_name":"Squirrel","weather":"Clear","battery":85},
{"time":"2019-10-15 04:19:55","animal_name":"Rabbit","weather":"Clear","battery":30},
{"time":"2020-03-11 14:17:19","animal_name":"Squirrel","weather":"Storm","battery":76},
{"time":"2020-04-18 07:36:16","animal_name":"Squirrel","weather":"Clear","battery":55},
{"time":"2019-06-23 10:19:07","animal_name":"Rabbit","weather":"Clear","battery":31},
{"time":"2019-08-06 05:11:30","animal_name":"Squirrel","weather":"Cloudy","battery":45},
{"time":"2020-07-25 08:14:41","animal_name":"Rabbit","weather":"Cloudy","battery":12},
{"time":"2020-06-16 22:15:04","animal_name":"Rabbit","weather":"Clear","battery":31},
{"time":"2019-09-24 17:04:34","animal_name":"Rabbit","weather":"Clear","battery":41},
{"time":"2019-06-08 09:21:31","animal_name":"Rabbit","weather":"Clear","battery":22},
{"time":"2019-10-15 18:11:22","animal_name":"Bear","weather":"Clear","battery":46},
{"time":"2020-06-08 01:49:50","animal_name":"Rabbit","weather":"Clear","battery":86},
{"time":"2020-07-01 06:14:08","animal_name":"Rabbit","weather":"Storm","battery":47},
{"time":"2020-04-09 23:41:39","animal_name":"Squirrel","weather":"Cloudy","battery":87},
{"time":"2019-07-09 16:48:51","animal_name":"Squirrel","weather":"Clear","battery":71},
{"time":"2019-07-26 04:30:37","animal_name":"Squirrel","weather":"Storm","battery":70},
{"time":"2019-10-24 04:05:16","animal_name":"Squirrel","weather":"Clear","battery":16},
{"time":"2020-02-02 22:29:48","animal_name":"Squirrel","weather":"Clear","battery":27},
{"time":"2019-07-01 12:20:34","animal_name":"Deer","weather":"Cloudy","battery":23},
{"time":"2020-08-09 00:57:25","animal_name":"Squirrel","weather":"Clear","battery":46},
{"time":"2020-01-21 22:08:42","animal_name":"Squirrel","weather":"Clear","battery":61},
{"time":"2020-05-05 12:18:28","animal_name":"Deer","weather":"Cloudy","battery":79},
{"time":"2020-08-25 01:56:35","animal_name":"Deer","weather":"Clear","battery":93},
{"time":"2020-02-17 10:59:18","animal_name":"Squirrel","weather":"Cloudy","battery":42},
{"time":"2019-12-03 06:28:56","animal_name":"Squirrel","weather":"Clear","battery":55},
{"time":"2019-12-29 15:01:03","animal_name":"Squirrel","weather":"Cloudy","battery":95},
{"time":"2019-08-13 21:02:47","animal_name":"Rabbit","weather":"Rainy","battery":21},
{"time":"2020-04-24 16:10:31","animal_name":"Rabbit","weather":"Cloudy","battery":82},
{"time":"2019-08-13 04:53:41","animal_name":"Squirrel","weather":"Clear","battery":4},
{"time":"2020-05-04 20:00:18","animal_name":"Squirrel","weather":"Cloudy","battery":5},
{"time":"2019-12-11 01:21:56","animal_name":"Wolf","weather":"Cloudy","battery":66}]