[{"time":"2019-08-25 18:30:15","animal_name":"Squirrel","weather":"Clear","battery":89},
{"time":"2020-06-09 07:59:18","animal_name":"Squirrel","weather":"Clear","battery":48},
{"time":"2020-03-29 18:45:38","animal_name":"Squirrel","weather":"Clear","battery":42},
{"time":"2019-07-02 10:19:19","animal_name":"Deer","weather":"Clear","battery":22},
{"time":"2020-04-15 10:24:02","animal_name":"Rabbit","weather":"Clear","battery":65},
{"time":"2019-06-28 07:34:46","animal_name":"Squirrel","weather":"Cloudy","battery":6},
{"time":"2020-02-09 10:07:19","animal_name":"Squirrel","weather":"Clear","battery":59},
{"time":"2020-08-26 12:00:20","animal_name":"Squirrel","weather":"Cloudy","battery":37},
{"time":"2020-04-15 05:12:24","animal_name":"Rabbit","weather":"Rainy","battery":29},
{"time":"2019-12-04 21:03:29","animal_name":"Squirrel","weather":"Rainy","battery":55},
{"time":"2019-12-16 01:17:50","animal_name":"Rabbit","weather":"Clear","battery":27},
{"time":"2019-10-23 08:20:18","animal_name":"Rabbit","weather":"Clear","battery":36},
{"time":"2020-01-18 06:48:25","animal_name":"Deer","weather":"Rainy","battery":13},
{"time":"2020-02-14 00:47:43","animal_name":"Rabbit","weather":"Clear","battery":46},
{"time":"2019-07-05 05:50:28","animal_name":"Deer","weather":"Clear","battery":52},
{"time":"2020-01-01 05:01:42","animal_name":"Squirrel","weather":"Clear","battery":5},
{"time":"2020-07-10 08:30:33","animal_name":"Rabbit","weather":"Clear","battery":72},
{"time":"2020-01-22 04:27:34","animal_name":"Rabbit","weather":"Clear","battery":60},
{"time":"2019-11-11 19:47:46","animal_name":"Squirrel","weather":"Storm","battery":65},
{"time":"2020-01-30 17:07:46","animal_name":"Rabbit","weather":"Clear","battery":71},
{"time":"2020-07-15 21:07:32","animal_name":"Rabbit","weather":"Clear","battery":88},
{"time":"2020-06-05 03:42:27","animal_name":"Wolf","weather":"Cloudy","battery":22},
{"time":"2019-11-07 11:16:00","animal_name":"Rabbit","weather":"Cloudy","battery":24},
{"time":"2020-07-05 01:41:21","animal_name":"Rabbit","weather":"Clear","battery":43},
{"time":"2019-11-28 06:03:33","animal_name":"Rabbit","weather":"Rainy","battery":52},
{"time":"2020-06-09 00:01:28","animal_name":"Rabbit","weather":"Rainy","battery":76},
{"time":"2020-08-05 22:44:21","animal_name":"Rabbit","weather":"Cloudy","battery":8},
{"time":"2019-10-28 16:24:40","animal_name":"Rabbit","weather":"Clear","battery":77},
{"time":"2020-04-30 22:00:56","animal_name":"Rabbit","weather":"Clear","battery":66},
{"time":"2019-06-29 10:36:35","animal_name":"Rabbit","weather":"Rainy","battery":28},
{"time":"2019-06-08 02:35:25","animal_name":"Rabbit","weather":"Clear","battery":88},
{"time":"2020-06-11 13:37:26","animal_name":"Squirrel","weather":"Clear","battery":69},
{"time":"2020-01-23 03:35:47","animal_name":"Squirrel","weather":"Cloudy","battery":17},
{"time":"2019-10-04 17:34:01","animal_name":"Squirrel","weather":"Cloudy","battery":34},
{"time":"2019-12-19 15:11:50","animal_name":"Squirrel","weather":"Clear","battery":38},
{"time":"2020-03-12 20:50:11","animal_name":"Squirrel","weather":"Clear","battery":46},
{"time":"2019-12-30 17:22:40","animal_name":"Squirrel","weather":"Clear","battery":38},
{"time":"2019-10-10 00:28:09","animal_name":"Squirrel","weather":"Clear","battery":49},
{"time":"2019-08-29 16:56:59","animal_name":"Rabbit","weather":"Cloudy","battery":95},
{"time":"2019-07-16 05:12:54","animal_name":"Rabbit","weather":"Storm","battery":15},
{"time":"2019-07-22 14:52:42","animal_name":"Rabbit","weather":"Clear","battery":40},
{"time":"2019-06-05 19:49:33","animal_name":"Rabbit","weather":"Rainy","battery":5},
{"time":"2019-08-28 16:37:07","animal_name":"Squirrel","weather":"Clear","battery":78},
{"time":"2020-01-22 19:51:55","animal_name":"Rabbit","weather":"Clear","battery":9},
{"time":"2020-03-02 12:13:03","animal_name":"Squirrel","weather":"Clear","battery":62},
{"time":"2020-02-06 07:38:07","animal_name":"Squirrel","weather":"Rainy","battery":82},
{"time":"2020-06-14 05:14:00","animal_name":"Squirrel","weather":"Clear","battery":23},
{"time":"2019-07-20 22:34:18","animal_name":"Squirrel","weather":"Cloudy","battery":74},
{"time":"2019-09-21 03:01:11","animal_name":"Squirrel","weather":"Clear","battery":15},
{"time":"2020-08-09 10:11:54","animal_name":"Squirrel","weather":"Cloudy","battery":67},
{"time":"2019-11-12 04:39:06","animal_name":"Squirrel","weather":"Rainy","battery":18},
{"time":"2019-11-20 00:11:33","animal_name":"Rabbit","weather":"Clear","battery":92},
{"time":"2019-08-25 01:15:41","animal_name":"Wolf","weather":"Clear","battery":82},
{"time":"2020-03-24 23:27:14","animal_name":"Bear","weather":"Cloudy","battery":28},
{"time":"2020-03-15 16:51:01","animal_name":"Wolf","weather":"Cloudy","battery":78},
{"time":"2020-04-11 02:53:04","animal_name":"Rabbit","weather":"Rainy","battery":74},
{"time":"2019-12-12 23:31:42","animal_name":"Squirrel","weather":"Storm","battery":85},
{"time":"2019-11-01 09:20:56","animal_name":"Rabbit","weather":"Rainy","battery":20},
{"time":"2019-11-26 02:43:34","animal_name":"Deer","weather":"Clear","battery":19},
{"time":"2019-11-16 17:45:21","animal_name":"Rabbit","weather":"Clear","battery":54},
{"time":"2020-07-02 09:44:00","animal_name":"Rabbit","weather":"Clear","battery":17},
{"time":"2020-02-02 20:13:57","animal_name":"Squirrel","weather":"Cloudy","battery":81},
{"time":"2020-03-13 17:57:10","animal_name":"Squirrel","weather":"Cloudy","battery":14},
{"time":"2020-03-11 06:37:13","animal_name":"Squirrel","weather":"Clear","battery":33},
{"time":"2019-07-21 20:20:42","animal_name":"Rabbit","weather":"Clear","battery":87},
{"time":"2020-03-24 16:54:53","animal_name":"Rabbit","weather":"Clear","battery":52},
{"time":"2019-08-30 15:55:15","animal_name":"Deer","weather":"Rainy","battery":54},
{"time":"2019-10-14 03:49:51","animal_name":"Squirrel","weather":"Clear","battery":77},
{"time":"2020-04-14 05:22:05","animal_name":"Rabbit","weather":"Cloudy","battery":30},
{"time":"2019-09-13 11:19:03","animal_name":"Squirrel","weather":"Rainy","battery":70},
{"time":"2020-05-30 09:04:22","animal_name":"Squirrel","weather":"Clear","battery":85},
{"time":"2019-08-12 06:03:18","animal_name":"Squirrel","weather":"Cloudy","battery":80},
{"time":"2019-11-16 20:37:38","animal_name":"Rabbit","weather":"Cloudy","battery":90},
{"time":"2019-09-13 16:06:03","animal_name":"Wolf","weather":"Cloudy","battery":30},
{"time":"2020-07-27 19:46:13","animal_name":"Rabbit","weather":"Rainy","battery":1},
{"time":"2020-06-03 22:51:23","animal_name":"Rabbit","weather":"Clear","battery":53},
{"time":"2020-07-29 02:46:07","animal_name":"Squirrel","weather":"Clear","battery":1},
{"time":"2019-06-10 08:58:11","animal_name":"Squirrel","weather":"Clear","battery":95},
{"time":"2019-07-20 14:03:59","animal_name":"Squirrel","weather":"Cloudy","battery":54},
{"time":"2020-05-02 13:52:11","animal_name":"Squirrel","weather":"Cloudy","battery":45},
{"time":"2019-09-06 11:33:00","animal_name":"Rabbit","weather":"Storm","battery":22},
{"time":"2019-10-15 15:19:12","animal_name":"Rabbit","weather":"Cloudy","battery":61},
{"time":"2019-06-27 20:34:40","animal_name":"Rabbit","weather":"Clear","battery":43},
{"time":"2020-03-07 00:29:41","animal_name":"Rabbit","weather":"Clear","battery":82},
{"time":"2019-06-02 02:40:10","animal_name":"Bear","weather":"Cloudy","battery":87},
{"time":"2020-02-16 09:27:26","animal_name":"Squirrel","weather":"Storm","battery":74},
{"time":"2020-01-15 17:44:07","animal_name":"Deer","weather":"Rainy","battery":69},
{"time":"2019-09-14 06:13:59","animal_name":"Rabbit","weather":"Cloudy","battery":100},
{"time":"2019-10-07 23:35:30","animal_name":"Squirrel","weather":"Cloudy","battery":13},
{"time":"2019-10-30 20:03:17","animal_name":"Rabbit","weather":"Clear","battery":77},
{"time":"2019-09-09 11:25:34","animal_name":"Squirrel","weather":"Clear","battery":93},
{"time":"2020-08-01 21:01:53","animal_name":"Rabbit","weather":"Clear","battery":78},
{"time":"2019-12-23 13:33:37","animal_name":"Deer","weather":"Rainy","battery":28},
{"time":"2020-01-01 00:25:30","animal_name":"Squirrel","weather":"Clear","battery":77},
{"time":"2019-10-05 13:01:08","animal_name":"Squirrel","weather":"Clear","battery":97},
{"time":"2020-07-31 22:48:23","animal_name":"Rabbit","weather":"Clear","battery":36},
{"time":"2020-03-21 22:18:16","animal_name":"Squirrel","weather":"Cloudy","battery":19},
{"time":"2019-06-01 19:42:37","animal_name":"Deer","weather":"Clear","battery":63},
{"time":"2020-05-07 16:35:59","animal_name":"Deer","weather":"Storm","battery":53},
{"time":"2020-03-01 09:40:24","animal_name":"Rabbit","weather":"Cloudy","battery":57}]