[{"time":"2020-03-27 09:56:15","animal_name":"Rabbit","weather":"Clear","battery":27},
{"time":"2019-07-29 10:33:43","animal_name":"Squirrel","weather":"Clear","battery":37},
{"time":"2019-12-05 01:10:37","animal_name":"Squirrel","weather":"Clear","battery":61},
{"time":"2019-09-12 01:59:35","animal_name":"Wolf","weather":"Clear","battery":92},
{"time":"2019-11-14 08:39:35","animal_name":"Squirrel","weather":"Clear","battery":79},
{"time":"2019-12-15 01:38:24","animal_name":"Wolf","weather":"Clear","battery":70},
{"time":"2020-03-04 06:58:40","animal_name":"Rabbit","weather":"Storm","battery":96},
{"time":"2020-02-18 09:33:06","animal_name":"Squirrel","weather":"Storm","battery":79},
{"time":"2020-03-05 13:41:52","animal_name":"Squirrel","weather":"Cloudy","battery":88},
{"time":"2020-08-09 12:59:36","animal_name":"Rabbit","weather":"Clear","battery":92},
{"time":"2019-06-22 05:00:59","animal_name":"Deer","weather":"Clear","battery":53},
{"time":"2020-01-29 05:59:48","animal_name":"Rabbit","weather":"Clear","battery":17},
{"time":"2020-03-12 05:01:11","animal_name":"Squirrel","weather":"Clear","battery":19},
{"time":"2019-07-05 13:21:30","animal_name":"Squirrel","weather":"Storm","battery":46},
{"time":"2019-06-19 18:56:24","animal_name":"Squirrel","weather":"Clear","battery":44},
{"time":"2019-07-28 06:39:40","animal_name":"Rabbit","weather":"Cloudy","battery":3},
{"time":"2020-08-02 22:56:24","animal_name":"Squirrel","weather":"Cloudy","battery":33},
{"time":"2019-08-28 18:27:39","animal_name":"Rabbit","weather":"Rainy","battery":99},
{"time":"2019-12-20 10:10:31","animal_name":"Rabbit","weather":"Rainy","battery":43},
{"time":"2019-09-03 20:23:08","animal_name":"Rabbit","weather":"Clear","battery":54},
{"time":"2020-08-25 14:32:41","animal_name":"Squirrel","weather":"Rainy","battery":48},
{"time":"2020-06-21 08:11:37","animal_name":"Squirrel","weather":"Cloudy","battery":7},
{"time":"2019-12-07 00:50:26","animal_name":"Squirrel","weather":"Rainy","battery":35},
{"time":"2019-12-02 15:48:50","animal_name":"Squirrel","weather":"Rainy","battery":71},
{"time":"2019-11-18 01:38:20","animal_name":"Rabbit","weather":"Clear","battery":55},
{"time":"2020-01-08 14:50:33","animal_name":"Deer","weather":"Rainy","battery":88},
{"time":"2019-10-23 19:38:41","animal_name":"Squirrel","weather":"Clear","battery":16},
{"time":"2019-06-24 12:13:27","animal_name":"Rabbit","weather":"Clear","battery":3},
{"time":"2020-04-17 13:01:37","animal_name":"Squirrel","weather":"Cloudy","battery":15},
{"time":"2019-07-20 06:50:52","animal_name":"Bear","weather":"Cloudy","battery":63},
{"time":"2020-07-26 07:38:14","animal_name":"Rabbit","weather":"Clear","battery":56},
{"time":"2019-11-07 03:43:08","animal_name":"Deer","weather":"Clear","battery":4},
{"time":"2020-08-06 08:04:49","animal_name":"Rabbit","weather":"Rainy","battery":85},
{"time":"2019-11-02 10:57:11","animal_name":"Deer","weather":"Clear","battery":95},
{"time":"2019-10-11 18:15:55","animal_name":"Bear","weather":"Cloudy","battery":52},
{"time":"2019-06-24 13:30:20","animal_name":"Squirrel","weather":"Storm","battery":60},
{"time":"2020-05-22 00:30:20","animal_name":"Deer","weather":"Cloudy","battery":73},
{"time":"2020-06-09 07:36:35","animal_name":"Squirrel","weather":"Cloudy","battery":41},
{"time":"2020-08-15 11:49:22","animal_name":"Wolf","weather":"Clear","battery":77},
{"time":"2020-08-27 02:39:20","animal_name":"Rabbit","weather":"Clear","battery":23},
{"time":"2019-12-15 00:30:52","animal_name":"Rabbit","weather":"Clear","battery":46},
{"time":"2020-04-08 12:37:05","animal_name":"Rabbit","weather":"Clear","battery":46},
{"time":"2019-12-19 13:49:30","animal_name":"Squirrel","weather":"Cloudy","battery":60},
{"time":"2020-03-19 04:43:13","animal_name":"Squirrel","weather":"Rainy","battery":32},
{"time":"2020-06-08 08:56:21","animal_name":"Squirrel","weather":"Cloudy","battery":68},
{"time":"2020-03-13 21:47:49","animal_name":"Rabbit","weather":"Clear","battery":22},
{"time":"2019-08-08 09:09:46","animal_name":"Rabbit","weather":"Clear","battery":60},
{"time":"2019-11-25 14:49:50","animal_name":"Rabbit","weather":"Clear","battery":8},
{"time":"2019-12-31 10:33:05","animal_name":"Squirrel","weather":"Cloudy","battery":69},
{"time":"2020-06-30 15:30:27","animal_name":"Rabbit","weather":"Clear","battery":41},
{"time":"2020-08-02 08:08:21","animal_name":"Squirrel","weather":"Clear","battery":97},
{"time":"2020-03-28 00:59:33","animal_name":"Deer","weather":"Cloudy","battery":22},
{"time":"2019-07-16 23:37:45","animal_name":"Squirrel","weather":"Clear","battery":14},
{"time":"2020-03-29 16:11:27","animal_name":"Wolf","weather":"Rainy","battery":30},
{"time":"2019-07-18 06:39:06","animal_name":"Squirrel","weather":"Rainy","battery":77},
{"time":"2019-09-01 17:26:12","animal_name":"Rabbit","weather":"Rainy","battery":64},
{"time":"2019-10-23 00:05:30","animal_name":"Rabbit","weather":"Cloudy","battery":85},
{"time":"2019-11-14 23:24:02","animal_name":"Deer","weather":"Cloudy","battery":6},
{"time":"2020-08-28 17:38:51","animal_name":"Rabbit","weather":"Clear","battery":67},
{"time":"2019-10-05 05:02:08","animal_name":"Squirrel","weather":"Cloudy","battery":49},
{"time":"2019-11-04 07:29:37","animal_name":"Rabbit","weather":"Rainy","battery":89},
{"time":"2020-01-17 11:39:20","animal_name":"Rabbit","weather":"Cloudy","battery":60},
{"time":"2020-02-16 11:04:09","animal_name":"Deer","weather":"Cloudy","battery":7},
{"time":"2019-07-16 18:38:56","animal_name":"Deer","weather":"Clear","battery":21},
{"time":"2020-08-16 07:57:55","animal_name":"Squirrel","weather":"Clear","battery":6},
{"time":"2019-10-18 18:20:27","animal_name":"Squirrel","weather":"Rainy","battery":3},
{"time":"2020-07-12 17:48:05","animal_name":"Rabbit","weather":"Rainy","battery":100},
{"time":"2019-10-02 14:58:51","animal_name":"Deer","weather":"Cloudy","battery":60},
{"time":"2019-12-06 13:39:50","animal_name":"Squirrel","weather":"Clear","battery":21},
{"time":"2019-08-01 08:33:01","animal_name":"Rabbit","weather":"Clear","battery":31},
{"time":"2019-10-08 00:12:38","animal_name":"Deer","weather":"Clear","battery":20},
{"time":"2020-05-23 22:10:08","animal_name":"Rabbit","weather":"Clear","battery":53},
{"time":"2020-01-20 22:18:28","animal_name":"Squirrel","weather":"Clear","battery":99},
{"time":"2020-02-20 04:36:32","animal_name":"Squirrel","weather":"Clear","battery":96},
{"time":"2020-03-11 02:43:44","animal_name":"Rabbit","weather":"Cloudy","battery":97},
{"time":"2019-10-07 07:08:00","animal_name":"Rabbit","weather":"Clear","battery":6},
{"time":"2020-01-28 22:43:39","animal_name":"Squirrel","weather":"Rainy","battery":60},
{"time":"2020-03-07 22:21:48","animal_name":"Squirrel","weather":"Cloudy","battery":81},
{"time":"2020-07-31 21:16:35","animal_name":"Squirrel","weather":"Clear","battery":50},
{"time":"2019-10-07 12:40:30","animal_name":"Rabbit","weather":"Cloudy","battery":77},
{"time":"2019-10-31 19:09:50","animal_name":"Wolf","weather":"Storm","battery":45},
{"time":"2019-09-10 06:29:54","animal_name":"Rabbit","weather":"Storm","battery":2},
{"time":"2019-08-30 23:49:41","animal_name":"Rabbit","weather":"Clear","battery":99},
{"time":"2019-08-25 23:26:58","animal_name":"Rabbit","weather":"Clear","battery":96},
{"time":"2020-06-10 20:37:24","animal_name":"Squirrel","weather":"Cloudy","battery":19},
{"time":"2019-12-23 11:10:22","animal_name":"Rabbit","weather":"Clear","battery":39},
{"time":"2019-08-23 10:24:33","animal_name":"Deer","weather":"Clear","battery":65},
{"time":"2020-07-11 20:54:46","animal_name":"Squirrel","weather":"Clear","battery":31},
{"time":"2020-05-21 09:41:47","animal_name":"Rabbit","weather":"Cloudy","battery":53},
{"time":"2019-10-13 20:45:59","animal_name":"Squirrel","weather":"Clear","battery":71},
{"time":"2020-03-18 03:25:19","animal_name":"Squirrel","weather":"Clear","battery":36},
{"time":"2020-05-07 15:50:07","animal_name":"Squirrel","weather":"Clear","battery":88},
{"time":"2019-12-06 06:52:32","animal_name":"Squirrel","weather":"Clear","battery":46},
{"time":"2019-11-29 01:13:15","animal_name":"Rabbit","weather":"Rainy","battery":22},
{"time":"2019-10-19 01:05:05","animal_name":"Wolf","weather":"Cloudy","battery":39},
{"time":"2019-07-14 10:31:31","animal_name":"Squirrel","weather":"Clear","battery":67},
{"time":"2020-06-24 21:01:09","animal_name":"Rabbit","weather":"Clear","battery":24},
{"time":"2019-08-27 21:36:47","animal_name":"Squirrel","weather":"Clear","battery":7},
{"time":"2020-02-12 12:23:49","animal_name":"Deer","weather":"Cloudy","battery":80},
{"time":"2019-08-06 18:22:46","animal_name":"Squirrel","weather":"Rainy","battery":67}]