[{"time":"2020-03-13 15:04:28","animal_name":"Deer","weather":"Clear","battery":43},
{"time":"2020-06-09 04:47:57","animal_name":"Rabbit","weather":"Clear","battery":80},
{"time":"2020-08-24 01:51:04","animal_name":"Rabbit","weather":"Clear","battery":44},
{"time":"2019-10-24 00:58:31","animal_name":"Squirrel","weather":"Rainy","battery":8},
{"time":"2019-12-30 17:21:35","animal_name":"Rabbit","weather":"Storm","battery":66},
{"time":"2020-08-27 03:37:35","animal_name":"Squirrel","weather":"Rainy","battery":75},
{"time":"2020-03-07 15:47:18","animal_name":"Squirrel","weather":"Cloudy","battery":34},
{"time":"2020-02-29 19:04:12","animal_name":"Rabbit","weather":"Rainy","battery":55},
{"time":"2019-09-20 09:25:53","animal_name":"Rabbit","weather":"Clear","battery":12},
{"time":"2019-08-07 06:09:53","animal_name":"Squirrel","weather":"Clear","battery":1},
{"time":"2019-12-31 20:06:56","animal_name":"Squirrel","weather":"Clear","battery":3},
{"time":"2019-11-03 23:41:25","animal_name":"Squirrel","weather":"Cloudy","battery":97},
{"time":"2020-01-05 18:04:50","animal_name":"Rabbit","weather":"Clear","battery":13},
{"time":"2020-02-19 02:08:25","animal_name":"Rabbit","weather":"Clear","battery":15},
{"time":"2019-06-29 11:02:18","animal_name":"Deer","weather":"Cloudy","battery":69},
{"time":"2020-07-01 04:11:44","animal_name":"Rabbit","weather":"Clear","battery":60},
{"time":"2020-04-03 02:15:49","animal_name":"Squirrel","weather":"Clear","battery":89},
{"time":"2020-06-22 07:00:02","animal_name":"Rabbit","weather":"Storm","battery":25},
{"time":"2020-08-23 08:25:38","animal_name":"Squirrel","weather":"Cloudy","battery":45},
{"time":"2019-06-05 07:54:47","animal_name":"Rabbit","weather":"Clear","battery":3},
{"time":"2020-07-30 13:32:18","animal_name":"Rabbit","weather":"Rainy","battery":2},
{"time":"2020-03-25 15:08:38","animal_name":"Rabbit","weather":"Storm","battery":43},
{"time":"2020-04-27 22:33:37","animal_name":"Rabbit","weather":"Storm","battery":65},
{"time":"2020-07-22 22:36:41","animal_name":"Rabbit","weather":"Rainy","battery":66},
{"time":"2020-01-16 10:22:11","animal_name":"Squirrel","weather":"Cloudy","battery":8},
{"time":"2020-08-21 09:39:50","animal_name":"Rabbit","weather":"Clear","battery":6},
{"time":"2019-10-10 13:08:12","animal_name":"Squirrel","weather":"Clear","battery":82},
{"time":"2020-08-25 21:35:18","animal_name":"Bear","weather":"Clear","battery":91},
{"time":"2019-07-26 00:06:14","animal_name":"Wolf","weather":"Cloudy","battery":84},
{"time":"2019-06-30 01:46:58","animal_name":"Rabbit","weather":"Clear","battery":88},
{"time":"2020-04-29 08:11:22","animal_name":"Rabbit","weather":"Rainy","battery":60},
{"time":"2020-03-16 07:56:26","animal_name":"Bear","weather":"Clear","battery":53},
{"time":"2020-02-24 19:33:42","animal_name":"Rabbit","weather":"Clear","battery":54},
{"time":"2019-10-10 01:55:37","animal_name":"Rabbit","weather":"Rainy","battery":5},
{"time":"2019-12-18 22:56:22","animal_name":"Rabbit","weather":"Cloudy","battery":4},
{"time":"2019-10-09 23:11:05","animal_name":"Wolf","weather":"Rainy","battery":26},
{"time":"2019-06-02 14:16:19","animal_name":"Squirrel","weather":"Rainy","battery":97},
{"time":"2019-08-01 22:09:17","animal_name":"Squirrel","weather":"Clear","battery":97},
{"time":"2020-01-06 19:10:52","animal_name":"Rabbit","weather":"Cloudy","battery":62},
{"time":"2019-07-18 16:04:46","animal_name":"Rabbit","weather":"Rainy","battery":35},
{"time":"2020-08-04 21:43:29","animal_name":"Deer","weather":"Clear","battery":13},
{"time":"2019-12-04 07:16:55","animal_name":"Squirrel","weather":"Rainy","battery":26},
{"time":"2019-11-27 18:50:09","animal_name":"Rabbit","weather":"Clear","battery":18},
{"time":"2020-05-27 08:25:23","animal_name":"Rabbit","weather":"Cloudy","battery":32},
{"time":"2020-08-05 02:02:25","animal_name":"Squirrel","weather":"Cloudy","battery":47},
{"time":"2020-08-13 02:26:57","animal_name":"Squirrel","weather":"Clear","battery":30},
{"time":"2019-11-15 21:40:44","animal_name":"Deer","weather":"Cloudy","battery":93},
{"time":"2020-04-15 22:45:05","animal_name":"Squirrel","weather":"Clear","battery":14},
{"time":"2019-10-30 12:16:00","animal_name":"Rabbit","weather":"Clear","battery":25},
{"time":"2020-05-04 09:09:27","animal_name":"Squirrel","weather":"Clear","battery":88},
{"time":"2019-11-04 20:47:23","animal_name":"Bear","weather":"Clear","battery":60},
{"time":"2020-06-05 06:58:06","animal_name":"Deer","weather":"Clear","battery":92},
{"time":"2019-06-27 07:57:31","animal_name":"Squirrel","weather":"Clear","battery":91},
{"time":"2020-07-20 02:50:28","animal_name":"Rabbit","weather":"Cloudy","battery":45},
{"time":"2020-03-17 11:48:17","animal_name":"Rabbit","weather":"Rainy","battery":13},
{"time":"2020-04-25 10:02:17","animal_name":"Bear","weather":"Clear","battery":82},
{"time":"2019-07-20 21:48:53","animal_name":"Squirrel","weather":"Clear","battery":3},
{"time":"2019-06-01 17:22:29","animal_name":"Squirrel","weather":"Clear","battery":54},
{"time":"2019-11-13 00:53:31","animal_name":"Squirrel","weather":"Cloudy","battery":56},
{"time":"2020-08-04 04:17:05","animal_name":"Rabbit","weather":"Clear","battery":24},
{"time":"2020-01-31 21:02:10","animal_name":"Squirrel","weather":"Clear","battery":61},
{"time":"2020-01-26 10:09:59","animal_name":"Deer","weather":"Clear","battery":61},
{"time":"2020-04-02 11:46:01","animal_name":"Squirrel","weather":"Cloudy","battery":17},
{"time":"2019-07-01 05:39:31","animal_name":"Deer","weather":"Storm","battery":64},
{"time":"2020-07-05 11:56:32","animal_name":"Squirrel","weather":"Cloudy","battery":49},
{"time":"2020-07-24 07:10:52","animal_name":"Squirrel","weather":"Cloudy","battery":61},
{"time":"2019-07-17 14:53:30","animal_name":"Squirrel","weather":"Cloudy","battery":11},
{"time":"2020-01-18 04:49:30","animal_name":"Squirrel","weather":"Cloudy","battery":42},
{"time":"2019-09-18 11:13:06","animal_name":"Rabbit","weather":"Clear","battery":13},
{"time":"2019-07-11 10:17:20","animal_name":"Rabbit","weather":"Storm","battery":96},
{"time":"2019-09-27 23:39:18","animal_name":"Rabbit","weather":"Clear","battery":82},
{"time":"2020-02-10 01:26:25","animal_name":"Squirrel","weather":"Clear","battery":18},
{"time":"2019-08-19 05:26:09","animal_name":"Rabbit","weather":"Rainy","battery":25},
{"time":"2019-06-07 08:31:48","animal_name":"Deer","weather":"Cloudy","battery":59},
{"time":"2019-08-16 12:01:04","animal_name":"Deer","weather":"Cloudy","battery":20},
{"time":"2020-07-21 19:59:26","animal_name":null,"weather":"Clear","battery":36},
{"time":"2020-01-26 16:48:43","animal_name":"Rabbit","weather":"Clear","battery":66},
{"time":"2020-03-05 06:37:22","animal_name":"Deer","weather":"Rainy","battery":46},
{"time":"2019-10-28 07:48:24","animal_name":"Rabbit","weather":"Clear","battery":74},
{"time":"2020-07-13 15:12:24","animal_name":"Squirrel","weather":"Rainy","battery":45},
{"time":"2020-03-09 08:18:24","animal_name":"Deer","weather":"Cloudy","battery":58},
{"time":"2019-12-08 20:12:13","animal_name":"Rabbit","weather":"Clear","battery":58},
{"time":"2019-08-15 08:57:05","animal_name":"Rabbit","weather":"Clear","battery":10},
{"time":"2020-01-10 13:30:54","animal_name":"Bear","weather":"Cloudy","battery":22},
{"time":"2020-03-10 00:08:33","animal_name":"Rabbit","weather":"Cloudy","battery":96},
{"time":"2020-06-13 21:33:56","animal_name":"Rabbit","weather":"Cloudy","battery":81},
{"time":"2019-10-30 14:49:55","animal_name":"Wolf","weather":"Rainy","battery":50},
{"time":"2019-09-23 04:34:26","animal_name":"Deer","weather":"Clear","battery":85},
{"time":"2020-03-06 22:43:27","animal_name":"Deer","weather":"Cloudy","battery":88},
{"time":"2020-01-12 21:02:27","animal_name":"Squirrel","weather":"Clear","battery":12},
{"time":"2020-04-25 18:13:28","animal_name":"Rabbit","weather":"Clear","battery":13},
{"time":"2019-06-03 09:52:30","animal_name":"Rabbit","weather":"Cloudy","battery":7},
{"time":"2019-07-04 18:39:12","animal_name":"Rabbit","weather":"Storm","battery":25},
{"time":"2019-06-03 21:05:50","animal_name":"Squirrel","weather":"Clear","battery":16},
{"time":"2020-01-13 21:49:13","animal_name":"Squirrel","weather":"Clear","battery":62},
{"time":"2019-11-16 21:23:50","animal_name":"Rabbit","weather":"Rainy","battery":26},
{"time":"2020-07-11 01:09:05","animal_name":"Squirrel","weather":"Storm","battery":9},
{"time":"2019-12-11 00:45:51","animal_name":"Rabbit","weather":"Storm","battery":89},
{"time":"2019-06-29 13:51:00","animal_name":"Bear","weather":"Clear","battery":40},
{"time":"2020-07-21 09:01:39","animal_name":"Rabbit","weather":"Clear","battery":75}]