[{"time":"2020-05-27 00:57:28","animal_name":"Squirrel","weather":"Cloudy","battery":16},
{"time":"2019-08-02 21:10:58","animal_name":"Rabbit","weather":"Clear","battery":63},
{"time":"2019-06-08 18:18:40","animal_name":"Rabbit","weather":"Clear","battery":60},
{"time":"2019-06-12 19:19:53","animal_name":"Bear","weather":"Rainy","battery":96},
{"time":"2020-05-10 20:57:28","animal_name":"Squirrel","weather":"Storm","battery":91},
{"time":"2019-10-31 22:39:01","animal_name":"Squirrel","weather":"Rainy","battery":50},
{"time":"2019-09-10 16:34:58","animal_name":"Squirrel","weather":"Cloudy","battery":33},
{"time":"2020-08-06 20:16:31","animal_name":"Squirrel","weather":"Cloudy","battery":25},
{"time":"2019-06-22 22:09:11","animal_name":"Rabbit","weather":"Cloudy","battery":24},
{"time":"2020-04-10 13:08:05","animal_name":"Squirrel","weather":"Cloudy","battery":92},
{"time":"2020-05-30 01:10:45","animal_name":"Bear","weather":"Rainy","battery":18},
{"time":"2019-12-12 19:22:49","animal_name":"Squirrel","weather":"Rainy","battery":52},
{"time":"2020-07-04 21:32:45","animal_name":"Bear","weather":"Rainy","battery":41},
{"time":"2020-03-13 16:47:32","animal_name":"Deer","weather":"Rainy","battery":33},
{"time":"2020-08-26 02:17:10","animal_name":"Squirrel","weather":"Rainy","battery":38},
{"time":"2019-08-12 12:01:34","animal_name":"Deer","weather":"Cloudy","battery":28},
{"time":"2020-07-18 05:39:34","animal_name":"Deer","weather":"Rainy","battery":63},
{"time":"2019-12-07 00:10:56","animal_name":"Deer","weather":"Clear","battery":89},
{"time":"2020-05-27 11:49:06","animal_name":"Squirrel","weather":"Clear","battery":15},
{"time":"2019-09-24 16:54:40","animal_name":"Rabbit","weather":"Cloudy","battery":87},
{"time":"2020-04-21 00:13:01","animal_name":"Squirrel","weather":"Rainy","battery":100},
{"time":"2019-11-13 01:26:27","animal_name":"Rabbit","weather":"Cloudy","battery":56},
{"time":"2019-12-13 10:14:56","animal_name":"Rabbit","weather":"Cloudy","battery":54},
{"time":"2019-07-26 22:26:20","animal_name":null,"weather":"Clear","battery":6},
{"time":"2020-05-06 23:16:47","animal_name":"Squirrel","weather":"Cloudy","battery":29},
{"time":"2019-10-19 01:30:25","animal_name":"Squirrel","weather":"Cloudy","battery":90},
{"time":"2019-10-16 05:12:10","animal_name":"Squirrel","weather":"Rainy","battery":78},
{"time":"2019-08-22 04:03:52","animal_name":"Squirrel","weather":"Clear","battery":73},
{"time":"2020-01-19 15:59:34","animal_name":"Squirrel","weather":"Cloudy","battery":86},
{"time":"2019-12-31 13:51:37","animal_name":"Squirrel","weather":"Cloudy","battery":74},
{"time":"2020-08-22 23:44:27","animal_name":"Deer","weather":"Cloudy","battery":29},
{"time":"2020-05-25 23:27:25","animal_name":"Rabbit","weather":"Clear","battery":80},
{"time":"2019-11-12 06:35:49","animal_name":"Rabbit","weather":"Cloudy","battery":76},
{"time":"2019-11-23 02:47:03","animal_name":null,"weather":"Clear","battery":7},
{"time":"2019-07-06 14:25:50","animal_name":"Rabbit","weather":"Clear","battery":29},
{"time":"2019-10-14 11:32:51","animal_name":"Deer","weather":"Clear","battery":8},
{"time":"2020-02-06 13:02:45","animal_name":"Wolf","weather":"Clear","battery":14},
{"time":"2020-08-14 20:36:33","animal_name":"Wolf","weather":"Rainy","battery":18},
{"time":"2019-12-23 04:05:57","animal_name":"Wolf","weather":"Rainy","battery":91},
{"time":"2020-02-19 08:56:56","animal_name":"Rabbit","weather":"Rainy","battery":60},
{"time":"2020-01-30 01:43:49","animal_name":"Squirrel","weather":"Clear","battery":61},
{"time":"2020-08-24 09:24:33","animal_name":"Rabbit","weather":"Clear","battery":48},
{"time":"2020-02-06 20:27:34","animal_name":"Deer","weather":"Cloudy","battery":7},
{"time":"2020-08-09 13:21:54","animal_name":"Rabbit","weather":"Cloudy","battery":65},
{"time":"2020-07-08 23:02:22","animal_name":"Wolf","weather":"Clear","battery":23},
{"time":"2019-11-10 02:22:14","animal_name":"Bear","weather":"Clear","battery":22},
{"time":"2019-12-24 10:13:35","animal_name":"Rabbit","weather":"Clear","battery":100},
{"time":"2019-06-14 18:17:37","animal_name":"Deer","weather":"Clear","battery":59},
{"time":"2020-05-29 09:31:07","animal_name":"Rabbit","weather":"Rainy","battery":83},
{"time":"2019-12-28 16:05:44","animal_name":"Rabbit","weather":"Clear","battery":47},
{"time":"2019-11-28 15:45:14","animal_name":"Squirrel","weather":"Cloudy","battery":95},
{"time":"2019-10-30 11:29:39","animal_name":"Rabbit","weather":"Cloudy","battery":67},
{"time":"2020-01-23 08:13:21","animal_name":"Squirrel","weather":"Clear","battery":89},
{"time":"2020-06-26 13:38:01","animal_name":"Rabbit","weather":"Rainy","battery":10},
{"time":"2020-07-10 11:46:42","animal_name":"Rabbit","weather":"Clear","battery":37},
{"time":"2020-06-15 04:22:21","animal_name":"Squirrel","weather":"Cloudy","battery":9},
{"time":"2020-05-15 15:02:13","animal_name":"Deer","weather":"Cloudy","battery":40},
{"time":"2019-12-17 16:07:25","animal_name":null,"weather":"Clear","battery":31},
{"time":"2019-11-08 05:42:35","animal_name":"Rabbit","weather":"Rainy","battery":10},
{"time":"2019-07-24 06:16:02","animal_name":"Squirrel","weather":"Cloudy","battery":17},
{"time":"2019-11-21 12:32:33","animal_name":"Rabbit","weather":"Cloudy","battery":74},
{"time":"2019-12-21 12:01:46","animal_name":"Rabbit","weather":"Cloudy","battery":49},
{"time":"2019-06-26 03:43:31","animal_name":"Rabbit","weather":"Clear","battery":1},
{"time":"2019-06-19 11:44:25","animal_name":"Squirrel","weather":"Cloudy","battery":15},
{"time":"2019-06-01 00:16:20","animal_name":"Rabbit","weather":"Clear","battery":6},
{"time":"2020-02-10 00:34:36","animal_name":"Wolf","weather":"Cloudy","battery":60},
{"time":"2019-10-20 06:20:00","animal_name":"Deer","weather":"Cloudy","battery":40},
{"time":"2020-01-31 18:40:57","animal_name":"Squirrel","weather":"Rainy","battery":71},
{"time":"2020-07-07 03:30:00","animal_name":"Rabbit","weather":"Clear","battery":21},
{"time":"2019-08-06 08:44:33","animal_name":"Rabbit","weather":"Clear","battery":73},
{"time":"2019-11-25 20:44:27","animal_name":"Rabbit","weather":"Clear","battery":9},
{"time":"2020-08-16 12:20:25","animal_name":"Rabbit","weather":"Clear","battery":33},
{"time":"2020-04-05 22:19:30","animal_name":"Wolf","weather":"Storm","battery":99},
{"time":"2019-07-06 07:06:45","animal_name":"Squirrel","weather":"Rainy","battery":64},
{"time":"2020-05-17 03:51:43","animal_name":"Deer","weather":"Clear","battery":14},
{"time":"2019-11-18 15:46:04","animal_name":"Squirrel","weather":"Clear","battery":71},
{"time":"2019-12-05 23:05:35","animal_name":"Squirrel","weather":"Clear","battery":97},
{"time":"2020-02-25 00:11:31","animal_name":"Rabbit","weather":"Clear","battery":75},
{"time":"2019-06-03 06:54:28","animal_name":"Rabbit","weather":"Cloudy","battery":66},
{"time":"2019-12-30 07:20:00","animal_name":"Rabbit","weather":"Clear","battery":81},
{"time":"2020-08-24 19:35:04","animal_name":"Squirrel","weather":"Cloudy","battery":91},
{"time":"2020-06-19 05:52:33","animal_name":"Squirrel","weather":"Rainy","battery":6},
{"time":"2019-11-08 02:30:26","animal_name":"Rabbit","weather":"Clear","battery":85},
{"time":"2019-06-11 09:49:00","animal_name":"Squirrel","weather":"Clear","battery":3},
{"time":"2020-05-12 21:56:56","animal_name":"Squirrel","weather":"Clear","battery":45},
{"time":"2020-03-06 05:36:04","animal_name":"Rabbit","weather":"Rainy","battery":19},
{"time":"2019-06-21 17:06:15","animal_name":"Rabbit","weather":"Cloudy","battery":46},
{"time":"2019-10-05 02:22:41","animal_name":"Rabbit","weather":"Clear","battery":40},
{"time":"2019-06-25 23:00:39","animal_name":"Squirrel","weather":"Cloudy","battery":95},
{"time":"2020-01-02 00:11:53","animal_name":"Rabbit","weather":"Rainy","battery":50},
{"time":"2020-04-09 17:13:01","animal_name":"Squirrel","weather":"Rainy","battery":76},
{"time":"2020-07-08 14:31:51","animal_name":"Squirrel","weather":"Cloudy","battery":21},
{"time":"2020-03-25 08:59:58","animal_name":"Squirrel","weather":"Rainy","battery":87},
{"time":"2020-01-29 10:19:31","animal_name":"Squirrel","weather":"Clear","battery":98},
{"time":"2020-08-26 19:31:15","animal_name":"Squirrel","weather":"Cloudy","battery":69},
{"time":"2019-06-26 14:34:10","animal_name":"Rabbit","weather":"Clear","battery":62},
{"time":"2020-05-30 10:35:31","animal_name":"Deer","weather":"Rainy","battery":62},
{"time":"2020-06-03 04:56:38","animal_name":"Rabbit","weather":"Clear","battery":8},
{"time":"2020-07-20 06:24:18","animal_name":"Rabbit","weather":"Cloudy","battery":86},
{"time":"2019-08-11 09:52:07","animal_name":"Rabbit","weather":"Cloudy","battery":34}]