[{"time":"2019-10-08 00:22:03","animal_name":"Rabbit","weather":"Clear","battery":43},
{"time":"2020-07-03 22:41:18","animal_name":"Squirrel","weather":"Rainy","battery":34},
{"time":"2020-06-30 21:43:08","animal_name":"Squirrel","weather":"Cloudy","battery":34},
{"time":"2019-06-26 00:47:21","animal_name":"Rabbit","weather":"Clear","battery":54},
{"time":"2020-04-28 13:06:49","animal_name":"Squirrel","weather":"Rainy","battery":6},
{"time":"2019-08-07 05:10:01","animal_name":"Wolf","weather":"Cloudy","battery":72},
{"time":"2019-08-09 11:06:47","animal_name":"Deer","weather":"Cloudy","battery":96},
{"time":"2019-08-03 05:37:37","animal_name":"Rabbit","weather":"Cloudy","battery":32},
{"time":"2020-01-12 11:44:59","animal_name":"Rabbit","weather":"Cloudy","battery":86},
{"time":"2019-07-23 17:01:03","animal_name":"Deer","weather":"Clear","battery":49},
{"time":"2019-10-14 23:16:25","animal_name":"Rabbit","weather":"Cloudy","battery":69},
{"time":"2020-02-27 01:58:06","animal_name":"Squirrel","weather":"Clear","battery":80},
{"time":"2019-09-15 04:12:41","animal_name":"Squirrel","weather":"Clear","battery":98},
{"time":"2020-02-17 04:35:21","animal_name":"Squirrel","weather":"Clear","battery":3},
{"time":"2019-12-11 12:16:01","animal_name":"Rabbit","weather":"Clear","battery":50},
{"time":"2020-05-21 08:50:08","animal_name":"Deer","weather":"Clear","battery":82},
{"time":"2020-05-18 19:46:29","animal_name":"Squirrel","weather":"Clear","battery":73},
{"time":"2020-07-11 14:42:56","animal_name":"Rabbit","weather":"Rainy","battery":67},
{"time":"2019-08-16 21:07:38","animal_name":"Rabbit","weather":"Clear","battery":30},
{"time":"2019-12-15 02:58:45","animal_name":"Bear","weather":"Clear","battery":47},
{"time":"2019-11-05 20:51:27","animal_name":"Wolf","weather":"Rainy","battery":53},
{"time":"2019-06-23 16:23:10","animal_name":"Squirrel","weather":"Clear","battery":79},
{"time":"2020-08-15 01:00:44","animal_name":"Squirrel","weather":"Clear","battery":83},
{"time":"2019-09-29 08:39:51","animal_name":"Rabbit","weather":"Rainy","battery":59},
{"time":"2019-07-07 04:27:37","animal_name":null,"weather":"Clear","battery":62},
{"time":"2019-07-26 13:16:27","animal_name":"Squirrel","weather":"Clear","battery":13},
{"time":"2020-01-07 07:45:07","animal_name":"Rabbit","weather":"Clear","battery":73},
{"time":"2019-06-08 16:13:22","animal_name":"Squirrel","weather":"Clear","battery":100},
{"time":"2019-11-25 13:59:11","animal_name":"Squirrel","weather":"Clear","battery":62},
{"time":"2020-06-25 21:13:06","animal_name":"Rabbit","weather":"Clear","battery":40},
{"time":"2019-12-20 09:46:01","animal_name":"Rabbit","weather":"Clear","battery":99},
{"time":"2020-02-02 18:21:45","animal_name":"Squirrel","weather":"Cloudy","battery":65},
{"time":"2019-12-16 11:00:59","animal_name":"Bear","weather":"Cloudy","battery":92},
{"time":"2019-06-20 03:29:58","animal_name":"Squirrel","weather":"Clear","battery":53},
{"time":"2020-01-29 22:29:13","animal_name":"Rabbit","weather":"Cloudy","battery":56},
{"time":"2019-12-17 21:15:59","animal_name":"Deer","weather":"Clear","battery":78},
{"time":"2020-06-22 15:22:42","animal_name":"Bear","weather":"Rainy","battery":64},
{"time":"2019-08-18 15:12:21","animal_name":"Wolf","weather":"Clear","battery":40},
{"time":"2020-05-29 20:29:47","animal_name":null,"weather":"Clear","battery":27},
{"time":"2020-08-23 11:52:07","animal_name":"Deer","weather":"Cloudy","battery":17},
{"time":"2020-08-02 15:47:33","animal_name":"Deer","weather":"Clear","battery":50},
{"time":"2020-08-20 03:19:56","animal_name":"Squirrel","weather":"Cloudy","battery":39},
{"time":"2019-08-24 22:06:20","animal_name":"Rabbit","weather":"Clear","battery":90},
{"time":"2019-12-29 11:05:19","animal_name":"Squirrel","weather":"Clear","battery":55},
{"time":"2019-09-30 08:40:57","animal_name":"Squirrel","weather":"Cloudy","battery":22},
{"time":"2020-05-07 01:31:36","animal_name":"Squirrel","weather":"Clear","battery":24},
{"time":"2019-09-03 14:32:58","animal_name":"Deer","weather":"Clear","battery":2},
{"time":"2019-08-22 04:46:44","animal_name":"Rabbit","weather":"Cloudy","battery":18},
{"time":"2020-06-02 06:53:25","animal_name":"Squirrel","weather":"Clear","battery":71},
{"time":"2019-11-01 04:59:50","animal_name":"Rabbit","weather":"Clear","battery":24},
{"time":"2019-08-21 12:06:15","animal_name":"Squirrel","weather":"Cloudy","battery":92},
{"time":"2020-03-27 15:01:46","animal_name":"Rabbit","weather":"Storm","battery":76},
{"time":"2019-12-04 20:01:00","animal_name":"Rabbit","weather":"Cloudy","battery":63},
{"time":"2020-05-14 21:09:16","animal_name":"Rabbit","weather":"Clear","battery":43},
{"time":"2020-03-04 18:28:39","animal_name":"Rabbit","weather":"Rainy","battery":26},
{"time":"2020-06-16 15:30:36","animal_name":null,"weather":"Clear","battery":79},
{"time":"2019-09-03 04:25:58","animal_name":"Squirrel","weather":"Clear","battery":91},
{"time":"2020-05-15 11:09:36","animal_name":"Bear","weather":"Cloudy","battery":51},
{"time":"2020-03-19 16:36:43","animal_name":"Rabbit","weather":"Cloudy","battery":62},
{"time":"2019-09-04 11:47:53","animal_name":"Rabbit","weather":"Cloudy","battery":51},
{"time":"2020-04-21 09:17:48","animal_name":"Rabbit","weather":"Clear","battery":76},
{"time":"2020-07-20 20:24:32","animal_name":"Squirrel","weather":"Rainy","battery":27},
{"time":"2019-10-24 02:05:55","animal_name":"Rabbit","weather":"Clear","battery":36},
{"time":"2020-03-17 09:19:06","animal_name":"Squirrel","weather":"Clear","battery":1},
{"time":"2020-03-24 13:54:45","animal_name":"Squirrel","weather":"Clear","battery":82},
{"time":"2019-09-03 15:32:51","animal_name":"Squirrel","weather":"Clear","battery":80},
{"time":"2019-11-06 03:17:49","animal_name":"Bear","weather":"Clear","battery":79},
{"time":"2019-10-16 13:27:39","animal_name":"Rabbit","weather":"Clear","battery":72},
{"time":"2020-02-15 05:21:38","animal_name":"Squirrel","weather":"Clear","battery":80},
{"time":"2019-10-03 00:31:48","animal_name":"Rabbit","weather":"Rainy","battery":93},
{"time":"2020-02-14 10:33:28","animal_name":"Squirrel","weather":"Cloudy","battery":73},
{"time":"2020-08-11 16:36:18","animal_name":"Squirrel","weather":"Clear","battery":11},
{"time":"2020-07-04 15:41:27","animal_name":"Rabbit","weather":"Rainy","battery":84},
{"time":"2019-08-09 14:19:32","animal_name":"Rabbit","weather":"Cloudy","battery":99},
{"time":"2019-08-13 04:35:16","animal_name":"Squirrel","weather":"Clear","battery":49},
{"time":"2020-04-12 03:37:10","animal_name":"Rabbit","weather":"Clear","battery":78},
{"time":"2020-07-23 05:50:02","animal_name":"Squirrel","weather":"Clear","battery":89},
{"time":"2019-09-07 00:00:52","animal_name":"Squirrel","weather":"Clear","battery":8},
{"time":"2020-06-21 00:33:53","animal_name":"Squirrel","weather":"Clear","battery":82},
{"time":"2019-09-15 16:59:28","animal_name":"Deer","weather":"Cloudy","battery":98},
{"time":"2020-03-03 04:07:26","animal_name":"Squirrel","weather":"Clear","battery":84},
{"time":"2020-05-19 20:42:11","animal_name":"Squirrel","weather":"Storm","battery":57},
{"time":"2019-06-28 03:38:25","animal_name":"Squirrel","weather":"Clear","battery":6},
{"time":"2020-03-01 23:59:06","animal_name":"Squirrel","weather":"Clear","battery":6},
{"time":"2020-07-19 03:56:18","animal_name":"Deer","weather":"Clear","battery":68},
{"time":"2020-04-16 03:14:58","animal_name":null,"weather":"Cloudy","battery":10},
{"time":"2020-02-21 15:17:59","animal_name":"Squirrel","weather":"Clear","battery":93},
{"time":"2020-02-05 15:59:43","animal_name":"Bear","weather":"Rainy","battery":89},
{"time":"2020-06-09 14:57:53","animal_name":"Rabbit","weather":"Cloudy","battery":89},
{"time":"2020-08-20 09:06:20","animal_name":"Rabbit","weather":"Cloudy","battery":3},
{"time":"2019-06-17 05:22:26","animal_name":"Rabbit","weather":"Clear","battery":32},
{"time":"2020-07-07 11:13:06","animal_name":"Deer","weather":"Clear","battery":76},
{"time":"2019-10-13 04:29:19","animal_name":"Squirrel","weather":"Clear","battery":36},
{"time":"2019-11-23 02:33:35","animal_name":"Squirrel","weather":"Rainy","battery":42},
{"time":"2019-08-23 03:14:01","animal_name":"Squirrel","weather":"Storm","battery":2},
{"time":"2019-06-17 21:21:36","animal_name":"Rabbit","weather":"Clear","battery":21},
{"time":"2020-04-29 18:53:41","animal_name":"Rabbit","weather":"Cloudy","battery":92},
{"time":"2020-02-26 11:07:14","animal_name":"Squirrel","weather":"Storm","battery":83},
{"time":"2019-10-29 01:51:51","animal_name":"Rabbit","weather":"Rainy","battery":40},
{"time":"2020-04-30 11:18:52","animal_name":"Rabbit","weather":"Cloudy","battery":69}]