[{"time":"2020-05-09 08:18:49","animal_name":"Rabbit","weather":"Clear","battery":79},
{"time":"2019-08-03 10:33:45","animal_name":"Squirrel","weather":"Clear","battery":56},
{"time":"2020-01-11 10:20:41","animal_name":"Bear","weather":"Clear","battery":74},
{"time":"2020-04-22 08:21:20","animal_name":"Bear","weather":"Rainy","battery":74},
{"time":"2020-04-09 02:00:26","animal_name":"Rabbit","weather":"Storm","battery":50},
{"time":"2020-01-10 06:57:23","animal_name":"Squirrel","weather":"Rainy","battery":87},
{"time":"2020-02-07 01:05:08","animal_name":"Squirrel","weather":"Clear","battery":56},
{"time":"2020-06-11 08:44:26","animal_name":"Squirrel","weather":"Clear","battery":52},
{"time":"2020-07-06 01:17:09","animal_name":"Wolf","weather":"Storm","battery":25},
{"time":"2019-11-23 03:20:43","animal_name":"Squirrel","weather":"Cloudy","battery":90},
{"time":"2019-09-27 17:29:02","animal_name":"Rabbit","weather":"Clear","battery":37},
{"time":"2020-03-23 02:27:54","animal_name":"Rabbit","weather":"Clear","battery":15},
{"time":"2019-06-29 02:37:26","animal_name":"Rabbit","weather":"Rainy","battery":95},
{"time":"2020-07-31 03:27:40","animal_name":"Squirrel","weather":"Clear","battery":60},
{"time":"2019-10-05 19:20:08","animal_name":"Rabbit","weather":"Rainy","battery":59},
{"time":"2019-11-24 04:00:47","animal_name":"Squirrel","weather":"Rainy","battery":39},
{"time":"2020-04-30 19:20:38","animal_name":"Squirrel","weather":"Clear","battery":41},
{"time":"2019-09-22 13:29:14","animal_name":"Squirrel","weather":"Cloudy","battery":100},
{"time":"2020-06-15 16:24:21","animal_name":"Deer","weather":"Cloudy","battery":9},
{"time":"2019-08-08 00:07:51","animal_name":"Rabbit","weather":"Cloudy","battery":72},
{"time":"2019-11-28 00:32:13","animal_name":"Squirrel","weather":"Cloudy","battery":68},
{"time":"2020-01-13 06:18:40","animal_name":"Rabbit","weather":"Clear","battery":42},
{"time":"2020-06-02 10:22:06","animal_name":"Rabbit","weather":"Clear","battery":28},
{"time":"2020-01-01 08:44:41","animal_name":"Rabbit","weather":"Cloudy","battery":11},
{"time":"2020-05-08 21:52:41","animal_name":"Squirrel","weather":"Rainy","battery":39},
{"time":"2019-09-09 17:07:05","animal_name":"Wolf","weather":"Cloudy","battery":93},
{"time":"2020-02-21 15:30:53","animal_name":"Rabbit","weather":"Cloudy","battery":58},
{"time":"2020-08-16 05:47:21","animal_name":"Rabbit","weather":"Rainy","battery":40},
{"time":"2020-03-29 06:33:19","animal_name":"Bear","weather":"Clear","battery":67},
{"time":"2019-07-17 04:27:05","animal_name":"Wolf","weather":"Rainy","battery":85},
{"time":"2019-09-06 12:23:35","animal_name":"Squirrel","weather":"Clear","battery":31},
{"time":"2019-08-06 19:17:22","animal_name":"Rabbit","weather":"Clear","battery":92},
{"time":"2019-08-14 00:38:03","animal_name":"Bear","weather":"Cloudy","battery":17},
{"time":"2020-08-29 12:52:48","animal_name":"Squirrel","weather":"Rainy","battery":65},
{"time":"2019-11-01 20:33:56","animal_name":"Deer","weather":"Clear","battery":36},
{"time":"2020-07-24 10:48:55","animal_name":"Squirrel","weather":"Clear","battery":41},
{"time":"2020-01-11 16:08:41","animal_name":"Deer","weather":"Clear","battery":24},
{"time":"2020-02-05 02:46:40","animal_name":"Rabbit","weather":"Clear","battery":33},
{"time":"2020-07-12 03:13:07","animal_name":"Squirrel","weather":"Cloudy","battery":70},
{"time":"2020-02-01 10:17:59","animal_name":"Rabbit","weather":"Cloudy","battery":86},
{"time":"2019-06-13 17:02:40","animal_name":"Squirrel","weather":"Rainy","battery":86},
{"time":"2020-04-08 11:28:10","animal_name":"Wolf","weather":"Clear","battery":14},
{"time":"2019-10-28 19:00:59","animal_name":"Rabbit","weather":"Storm","battery":68},
{"time":"2020-06-15 12:53:06","animal_name":"Squirrel","weather":"Clear","battery":54},
{"time":"2020-01-19 20:49:31","animal_name":"Rabbit","weather":"Clear","battery":25},
{"time":"2020-07-30 12:47:28","animal_name":"Rabbit","weather":"Clear","battery":96},
{"time":"2019-10-07 16:18:08","animal_name":"Rabbit","weather":"Cloudy","battery":27},
{"time":"2019-10-22 04:37:16","animal_name":"Deer","weather":"Clear","battery":21},
{"time":"2020-07-20 14:48:26","animal_name":"Squirrel","weather":"Clear","battery":77},
{"time":"2019-07-15 13:48:07","animal_name":"Rabbit","weather":"Clear","battery":37},
{"time":"2020-06-30 06:33:59","animal_name":"Rabbit","weather":"Clear","battery":100},
{"time":"2020-08-11 21:10:14","animal_name":"Squirrel","weather":"Clear","battery":2},
{"time":"2019-08-15 23:21:46","animal_name":"Rabbit","weather":"Clear","battery":51},
{"time":"2020-01-05 22:55:31","animal_name":"Squirrel","weather":"Rainy","battery":6},
{"time":"2019-10-29 18:37:25","animal_name":"Rabbit","weather":"Cloudy","battery":80},
{"time":"2019-09-14 12:15:23","animal_name":"Rabbit","weather":"Clear","battery":8},
{"time":"2019-09-11 08:15:42","animal_name":"Deer","weather":"Cloudy","battery":89},
{"time":"2020-01-11 08:02:16","animal_name":"Squirrel","weather":"Clear","battery":91},
{"time":"2020-06-13 14:38:24","animal_name":"Rabbit","weather":"Clear","battery":100},
{"time":"2020-03-02 02:17:53","animal_name":"Rabbit","weather":"Clear","battery":12},
{"time":"2020-06-03 01:50:39","animal_name":"Rabbit","weather":"Clear","battery":27},
{"time":"2020-08-01 08:56:53","animal_name":"Deer","weather":"Clear","battery":64},
{"time":"2019-11-29 05:21:57","animal_name":"Squirrel","weather":"Storm","battery":33},
{"time":"2020-04-19 09:09:35","animal_name":"Squirrel","weather":"Clear","battery":82},
{"time":"2019-09-07 13:20:42","animal_name":"Rabbit","weather":"Cloudy","battery":96},
{"time":"2019-10-30 00:08:25","animal_name":"Squirrel","weather":"Clear","battery":45},
{"time":"2019-07-21 18:05:28","animal_name":"Squirrel","weather":"Cloudy","battery":52},
{"time":"2019-08-11 10:41:03","animal_name":"Rabbit","weather":"Clear","battery":72},
{"time":"2019-11-24 06:37:20","animal_name":"Rabbit","weather":"Clear","battery":7},
{"time":"2020-05-17 12:50:41","animal_name":"Rabbit","weather":"Cloudy","battery":36},
{"time":"2019-06-13 19:58:40","animal_name":"Squirrel","weather":"Clear","battery":3},
{"time":"2020-05-17 04:33:06","animal_name":"Wolf","weather":"Clear","battery":49},
{"time":"2019-12-11 22:03:49","animal_name":"Rabbit","weather":"Clear","battery":60},
{"time":"2019-11-05 15:46:00","animal_name":"Squirrel","weather":"Clear","battery":49},
{"time":"2020-08-24 03:40:16","animal_name":"Squirrel","weather":"Cloudy","battery":21},
{"time":"2020-04-17 03:19:06","animal_name":"Rabbit","weather":"Clear","battery":9},
{"time":"2020-06-11 03:52:01","animal_name":"Squirrel","weather":"Cloudy","battery":9},
{"time":"2019-07-09 20:49:02","animal_name":null,"weather":"Rainy","battery":54},
{"time":"2019-11-12 03:16:33","animal_name":"Squirrel","weather":"Clear","battery":11},
{"time":"2019-12-25 22:55:56","animal_name":"Rabbit","weather":"Clear","battery":35},
{"time":"2020-02-18 18:09:46","animal_name":"Deer","weather":"Cloudy","battery":80},
{"time":"2019-12-13 06:07:06","animal_name":"Rabbit","weather":"Cloudy","battery":81},
{"time":"2020-06-15 05:19:41","animal_name":"Rabbit","weather":"Cloudy","battery":8},
{"time":"2019-08-12 03:03:05","animal_name":"Squirrel","weather":"Clear","battery":67},
{"time":"2020-06-19 09:42:24","animal_name":"Rabbit","weather":"Rainy","battery":13},
{"time":"2020-01-11 16:17:20","animal_name":"Rabbit","weather":"Storm","battery":5},
{"time":"2020-05-16 14:58:45","animal_name":"Squirrel","weather":"Cloudy","battery":93},
{"time":"2020-03-13 04:12:21","animal_name":"Squirrel","weather":"Clear","battery":24},
{"time":"2020-02-11 19:13:29","animal_name":"Wolf","weather":"Clear","battery":12},
{"time":"2020-06-28 10:29:15","animal_name":"Rabbit","weather":"Rainy","battery":45},
{"time":"2019-09-11 10:05:25","animal_name":"Rabbit","weather":"Cloudy","battery":23},
{"time":"2020-05-05 05:20:50","animal_name":"Bear","weather":"Clear","battery":84},
{"time":"2019-11-22 06:15:18","animal_name":null,"weather":"Rainy","battery":49},
{"time":"2019-08-12 11:02:17","animal_name":"Squirrel","weather":"Cloudy","battery":20},
{"time":"2019-06-30 15:26:01","animal_name":"Rabbit","weather":"Clear","battery":63},
{"time":"2020-05-22 10:27:58","animal_name":"Deer","weather":"Storm","battery":50},
{"time":"2019-11-28 05:16:12","animal_name":"Squirrel","weather":"Clear","battery":27},
{"time":"2019-07-02 20:35:58","animal_name":"Rabbit","weather":"Cloudy","battery":29},
{"time":"2020-02-23 20:32:10","animal_name":"Deer","weather":"Clear","battery":82},
{"time":"2020-04-26 00:15:11","animal_name":"Squirrel","weather":"Cloudy","battery":90}]