[{"time":"2020-05-27 09:14:30","animal_name":"Rabbit","weather":"Clear","battery":69},
{"time":"2020-01-03 00:41:43","animal_name":"Rabbit","weather":"Storm","battery":91},
{"time":"2020-01-31 17:56:58","animal_name":"Rabbit","weather":"Cloudy","battery":18},
{"time":"2019-09-07 15:25:33","animal_name":"Squirrel","weather":"Rainy","battery":38},
{"time":"2019-08-02 19:54:33","animal_name":"Squirrel","weather":"Cloudy","battery":22},
{"time":"2019-11-15 09:14:47","animal_name":"Rabbit","weather":"Clear","battery":12},
{"time":"2020-03-31 09:41:05","animal_name":"Rabbit","weather":"Cloudy","battery":17},
{"time":"2019-10-08 03:04:57","animal_name":"Rabbit","weather":"Rainy","battery":8},
{"time":"2019-10-22 22:02:27","animal_name":"Rabbit","weather":"Cloudy","battery":84},
{"time":"2019-11-03 11:25:38","animal_name":"Deer","weather":"Clear","battery":17},
{"time":"2019-06-14 03:00:35","animal_name":"Squirrel","weather":"Cloudy","battery":22},
{"time":"2020-02-12 08:06:03","animal_name":"Squirrel","weather":"Rainy","battery":51},
{"time":"2019-07-24 04:24:32","animal_name":"Rabbit","weather":"Cloudy","battery":18},
{"time":"2019-06-14 20:54:25","animal_name":"Rabbit","weather":"Cloudy","battery":73},
{"time":"2020-06-03 20:57:12","animal_name":"Deer","weather":"Clear","battery":28},
{"time":"2019-08-22 04:37:52","animal_name":"Squirrel","weather":"Clear","battery":86},
{"time":"2019-10-20 12:34:20","animal_name":"Deer","weather":"Clear","battery":57},
{"time":"2019-08-27 12:12:55","animal_name":"Deer","weather":"Cloudy","battery":80},
{"time":"2020-05-13 04:17:12","animal_name":"Bear","weather":"Clear","battery":34},
{"time":"2020-03-09 18:56:31","animal_name":"Rabbit","weather":"Cloudy","battery":78},
{"time":"2019-12-21 17:14:43","animal_name":"Squirrel","weather":"Cloudy","battery":62},
{"time":"2020-08-11 00:04:07","animal_name":"Squirrel","weather":"Rainy","battery":23},
{"time":"2019-06-09 21:58:50","animal_name":"Deer","weather":"Clear","battery":92},
{"time":"2020-07-06 00:47:36","animal_name":"Deer","weather":"Rainy","battery":59},
{"time":"2019-06-05 09:55:43","animal_name":"Rabbit","weather":"Rainy","battery":11},
{"time":"2019-10-08 14:41:11","animal_name":"Rabbit","weather":"Clear","battery":47},
{"time":"2019-12-29 02:56:51","animal_name":"Rabbit","weather":"Clear","battery":12},
{"time":"2020-05-13 20:31:59","animal_name":"Deer","weather":"Rainy","battery":90},
{"time":"2020-07-21 12:18:20","animal_name":"Squirrel","weather":"Clear","battery":9},
{"time":"2020-01-13 03:05:36","animal_name":"Deer","weather":"Clear","battery":98},
{"time":"2020-02-27 11:52:43","animal_name":"Deer","weather":"Clear","battery":25},
{"time":"2020-03-15 15:13:04","animal_name":"Squirrel","weather":"Clear","battery":22},
{"time":"2019-12-09 10:52:05","animal_name":"Rabbit","weather":"Storm","battery":62},
{"time":"2020-02-17 19:13:42","animal_name":"Squirrel","weather":"Clear","battery":51},
{"time":"2020-06-18 05:01:24","animal_name":"Rabbit","weather":"Clear","battery":78},
{"time":"2020-04-05 02:13:57","animal_name":"Rabbit","weather":"Clear","battery":59},
{"time":"2019-08-06 17:32:05","animal_name":"Rabbit","weather":"Clear","battery":27},
{"time":"2019-10-22 11:08:31","animal_name":"Squirrel","weather":"Clear","battery":64},
{"time":"2020-08-02 15:22:33","animal_name":"Rabbit","weather":"Clear","battery":26},
{"time":"2020-07-29 14:29:28","animal_name":"Squirrel","weather":"Clear","battery":90},
{"time":"2020-01-10 05:04:29","animal_name":"Squirrel","weather":"Rainy","battery":78},
{"time":"2020-04-01 17:42:14","animal_name":"Deer","weather":"Clear","battery":87},
{"time":"2019-10-19 20:49:14","animal_name":"Bear","weather":"Cloudy","battery":50},
{"time":"2019-06-10 09:36:01","animal_name":"Rabbit","weather":"Rainy","battery":25},
{"time":"2020-01-27 18:27:22","animal_name":"Squirrel","weather":"Clear","battery":47},
{"time":"2020-08-16 17:20:58","animal_name":"Rabbit","weather":"Clear","battery":54},
{"time":"2019-07-24 01:00:28","animal_name":"Deer","weather":"Clear","battery":74},
{"time":"2019-10-02 17:12:42","animal_name":"Squirrel","weather":"Clear","battery":89},
{"time":"2019-09-23 20:50:12","animal_name":"Rabbit","weather":"Cloudy","battery":62},
{"time":"2020-02-10 12:23:17","animal_name":"Bear","weather":"Clear","battery":40},
{"time":"2020-06-27 11:56:04","animal_name":"Rabbit","weather":"Clear","battery":67},
{"time":"2019-09-20 02:37:01","animal_name":"Rabbit","weather":"Clear","battery":49},
{"time":"2019-10-25 01:32:26","animal_name":"Rabbit","weather":"Clear","battery":1},
{"time":"2019-06-09 06:47:06","animal_name":"Deer","weather":"Clear","battery":25},
{"time":"2019-09-21 04:16:57","animal_name":"Squirrel","weather":"Cloudy","battery":74},
{"time":"2019-06-25 02:48:16","animal_name":"Squirrel","weather":"Cloudy","battery":49},
{"time":"2019-11-28 11:09:31","animal_name":null,"weather":"Clear","battery":45},
{"time":"2020-05-06 09:57:58","animal_name":"Deer","weather":"Clear","battery":97},
{"time":"2020-02-15 08:00:05","animal_name":"Squirrel","weather":"Cloudy","battery":59},
{"time":"2019-12-05 19:43:51","animal_name":"Deer","weather":"Cloudy","battery":76},
{"time":"2020-02-09 00:34:50","animal_name":"Rabbit","weather":"Clear","battery":75},
{"time":"2019-07-13 02:38:52","animal_name":"Deer","weather":"Clear","battery":56},
{"time":"2019-10-06 09:25:13","animal_name":"Rabbit","weather":"Storm","battery":74},
{"time":"2020-01-21 13:33:19","animal_name":"Rabbit","weather":"Cloudy","battery":83},
{"time":"2020-06-27 18:55:38","animal_name":"Bear","weather":"Rainy","battery":32},
{"time":"2019-06-29 19:13:21","animal_name":"Squirrel","weather":"Clear","battery":54},
{"time":"2019-11-25 20:37:18","animal_name":"Bear","weather":"Clear","battery":99},
{"time":"2019-09-02 19:55:28","animal_name":"Bear","weather":"Clear","battery":32},
{"time":"2019-10-18 17:36:32","animal_name":"Rabbit","weather":"Cloudy","battery":24},
{"time":"2020-05-04 17:37:27","animal_name":"Rabbit","weather":"Cloudy","battery":24},
{"time":"2020-06-06 19:21:03","animal_name":"Squirrel","weather":"Clear","battery":20},
{"time":"2020-08-20 03:43:22","animal_name":"Squirrel","weather":"Clear","battery":89},
{"time":"2020-07-02 16:11:36","animal_name":"Rabbit","weather":"Cloudy","battery":30},
{"time":"2020-04-16 13:08:35","animal_name":"Squirrel","weather":"Rainy","battery":48},
{"time":"2020-07-17 21:22:08","animal_name":"Bear","weather":"Clear","battery":60},
{"time":"2019-10-18 11:49:57","animal_name":"Rabbit","weather":"Rainy","battery":49},
{"time":"2020-01-24 04:31:01","animal_name":"Squirrel","weather":"Storm","battery":45},
{"time":"2020-03-12 13:36:05","animal_name":"Rabbit","weather":"Cloudy","battery":80},
{"time":"2019-09-06 00:02:50","animal_name":"Rabbit","weather":"Rainy","battery":67},
{"time":"2020-03-22 11:51:18","animal_name":"Rabbit","weather":"Rainy","battery":43},
{"time":"2020-03-24 08:24:11","animal_name":"Squirrel","weather":"Clear","battery":24},
{"time":"2020-07-30 05:35:38","animal_name":"Squirrel","weather":"Cloudy","battery":81},
{"time":"2020-08-03 09:31:14","animal_name":"Squirrel","weather":"Rainy","battery":10},
{"time":"2020-05-23 13:43:03","animal_name":"Deer","weather":"Rainy","battery":11},
{"time":"2019-12-28 10:51:58","animal_name":"Rabbit","weather":"Clear","battery":26},
{"time":"2020-02-01 11:37:22","animal_name":"Squirrel","weather":"Rainy","battery":59},
{"time":"2020-01-27 21:51:56","animal_name":"Wolf","weather":"Clear","battery":32},
{"time":"2020-06-14 15:50:55","animal_name":"Rabbit","weather":"Clear","battery":69},
{"time":"2020-08-04 10:53:07","animal_name":"Squirrel","weather":"Cloudy","battery":36},
{"time":"2019-10-03 11:33:56","animal_name":"Squirrel","weather":"Cloudy","battery":68},
{"time":"2020-02-01 09:40:43","animal_name":"Squirrel","weather":"Clear","battery":56},
{"time":"2020-06-29 15:42:02","animal_name":"Rabbit","weather":"Clear","battery":40},
{"time":"2019-10-19 10:56:04","animal_name":"Rabbit","weather":"Rainy","battery":94},
{"time":"2019-08-19 05:29:28","animal_name":"Deer","weather":"Cloudy","battery":84},
{"time":"2019-12-25 06:41:31","animal_name":"Rabbit","weather":"Clear","battery":79},
{"time":"2020-01-15 00:37:15","animal_name":"Rabbit","weather":"Rainy","battery":48},
{"time":"2020-08-06 22:10:52","animal_name":"Bear","weather":"Rainy","battery":87},
{"time":"2020-03-16 20:29:30","animal_name":"Squirrel","weather":"Clear","battery":85},
{"time":"2020-04-27 06:52:23","animal_name":"Deer","weather":"Clear","battery":11},
{"time":"2020-08-06 14:42:41","animal_name":"Rabbit","weather":"Clear","battery":72}]