[{"time":"2020-06-07 07:17:20","animal_name":"Squirrel","weather":"Clear","battery":16},
{"time":"2020-07-26 07:15:00","animal_name":"Rabbit","weather":"Clear","battery":10},
{"time":"2020-03-22 02:03:32","animal_name":"Squirrel","weather":"Cloudy","battery":69},
{"time":"2020-08-26 04:15:02","animal_name":"Rabbit","weather":"Cloudy","battery":18},
{"time":"2020-02-09 04:22:23","animal_name":null,"weather":"Cloudy","battery":43},
{"time":"2019-08-10 01:36:53","animal_name":"Rabbit","weather":"Storm","battery":7},
{"time":"2020-04-27 12:37:07","animal_name":"Deer","weather":"Cloudy","battery":63},
{"time":"2020-01-30 12:34:04","animal_name":"Rabbit","weather":"Cloudy","battery":77},
{"time":"2019-10-22 12:07:58","animal_name":"Rabbit","weather":"Storm","battery":20},
{"time":"2019-09-18 14:49:44","animal_name":"Wolf","weather":"Rainy","battery":59},
{"time":"2020-03-06 07:46:07","animal_name":"Deer","weather":"Clear","battery":70},
{"time":"2019-07-28 04:08:26","animal_name":"Wolf","weather":"Cloudy","battery":93},
{"time":"2019-11-22 10:20:08","animal_name":"Wolf","weather":"Clear","battery":25},
{"time":"2020-03-13 13:58:32","animal_name":"Squirrel","weather":"Clear","battery":18},
{"time":"2020-04-22 09:32:12","animal_name":null,"weather":"Clear","battery":49},
{"time":"2019-09-12 11:01:06","animal_name":"Rabbit","weather":"Clear","battery":90},
{"time":"2020-08-27 17:03:12","animal_name":"Bear","weather":"Storm","battery":22},
{"time":"2020-04-15 20:00:06","animal_name":"Rabbit","weather":"Clear","battery":72},
{"time":"2019-07-23 22:58:26","animal_name":"Squirrel","weather":"Clear","battery":80},
{"time":"2019-06-30 09:37:38","animal_name":"Rabbit","weather":"Clear","battery":98},
{"time":"2019-12-12 04:42:28","animal_name":"Rabbit","weather":"Clear","battery":46},
{"time":"2019-06-12 23:11:07","animal_name":"Squirrel","weather":"Storm","battery":37},
{"time":"2019-10-23 03:26:17","animal_name":"Rabbit","weather":"Clear","battery":53},
{"time":"2020-01-22 02:59:41","animal_name":"Squirrel","weather":"Clear","battery":25},
{"time":"2020-07-26 06:47:59","animal_name":"Squirrel","weather":"Rainy","battery":82},
{"time":"2019-12-24 08:33:19","animal_name":"Rabbit","weather":"Storm","battery":62},
{"time":"2020-07-06 14:11:00","animal_name":"Squirrel","weather":"Clear","battery":30},
{"time":"2020-05-07 04:59:34","animal_name":"Rabbit","weather":"Clear","battery":88},
{"time":"2020-02-03 23:48:48","animal_name":"Deer","weather":"Clear","battery":93},
{"time":"2020-05-20 19:14:18","animal_name":"Squirrel","weather":"Rainy","battery":98},
{"time":"2019-08-11 16:25:08","animal_name":"Rabbit","weather":"Clear","battery":85},
{"time":"2019-11-07 11:06:42","animal_name":"Wolf","weather":"Clear","battery":24},
{"time":"2019-09-25 12:06:44","animal_name":"Squirrel","weather":"Clear","battery":3},
{"time":"2019-10-26 15:06:51","animal_name":"Rabbit","weather":"Clear","battery":47},
{"time":"2019-12-29 13:09:15","animal_name":"Wolf","weather":"Clear","battery":54},
{"time":"2020-02-26 22:16:54","animal_name":"Squirrel","weather":"Rainy","battery":77},
{"time":"2019-06-15 03:08:18","animal_name":"Bear","weather":"Clear","battery":45},
{"time":"2019-12-03 16:48:31","animal_name":"Rabbit","weather":"Clear","battery":1},
{"time":"2019-11-24 18:44:24","animal_name":"Rabbit","weather":"Clear","battery":41},
{"time":"2019-12-07 06:12:48","animal_name":"Rabbit","weather":"Cloudy","battery":98},
{"time":"2019-12-29 07:43:22","animal_name":"Deer","weather":"Cloudy","battery":40},
{"time":"2020-07-13 10:32:11","animal_name":"Squirrel","weather":"Cloudy","battery":59},
{"time":"2020-08-28 17:35:35","animal_name":"Deer","weather":"Clear","battery":16},
{"time":"2020-05-10 13:59:59","animal_name":"Squirrel","weather":"Clear","battery":2},
{"time":"2020-01-29 02:29:01","animal_name":"Squirrel","weather":"Clear","battery":16},
{"time":"2019-10-16 09:56:55","animal_name":"Rabbit","weather":"Clear","battery":12},
{"time":"2020-06-20 08:13:43","animal_name":"Squirrel","weather":"Cloudy","battery":79},
{"time":"2020-06-19 08:25:32","animal_name":"Squirrel","weather":"Clear","battery":22},
{"time":"2020-06-13 19:26:39","animal_name":"Rabbit","weather":"Clear","battery":47},
{"time":"2020-05-16 07:16:00","animal_name":"Squirrel","weather":"Clear","battery":36},
{"time":"2019-09-28 19:42:16","animal_name":"Rabbit","weather":"Clear","battery":45},
{"time":"2019-08-07 23:19:16","animal_name":"Rabbit","weather":"Cloudy","battery":50},
{"time":"2019-10-01 21:14:41","animal_name":"Deer","weather":"Clear","battery":15},
{"time":"2019-08-21 21:07:13","animal_name":"Rabbit","weather":"Cloudy","battery":65},
{"time":"2019-08-09 00:30:16","animal_name":"Deer","weather":"Cloudy","battery":52},
{"time":"2020-08-08 21:47:47","animal_name":"Squirrel","weather":"Clear","battery":31},
{"time":"2020-05-06 05:56:05","animal_name":"Squirrel","weather":"Clear","battery":40},
{"time":"2019-09-17 07:52:23","animal_name":"Rabbit","weather":"Clear","battery":73},
{"time":"2019-10-14 14:22:16","animal_name":"Rabbit","weather":"Cloudy","battery":66},
{"time":"2019-06-27 00:57:30","animal_name":"Rabbit","weather":"Clear","battery":3},
{"time":"2019-06-04 10:13:52","animal_name":"Squirrel","weather":"Clear","battery":76},
{"time":"2019-06-13 12:54:12","animal_name":"Squirrel","weather":"Clear","battery":55},
{"time":"2020-01-20 15:44:02","animal_name":"Squirrel","weather":"Cloudy","battery":20},
{"time":"2020-01-24 17:09:07","animal_name":"Squirrel","weather":"Clear","battery":28},
{"time":"2019-06-07 15:55:13","animal_name":"Rabbit","weather":"Cloudy","battery":20},
{"time":"2019-08-23 04:01:32","animal_name":"Squirrel","weather":"Clear","battery":69},
{"time":"2019-11-05 00:17:11","animal_name":"Squirrel","weather":"Clear","battery":62},
{"time":"2019-08-20 11:00:28","animal_name":"Deer","weather":"Cloudy","battery":30},
{"time":"2020-03-02 21:04:02","animal_name":"Deer","weather":"Clear","battery":25},
{"time":"2020-03-18 16:47:10","animal_name":"Deer","weather":"Clear","battery":27},
{"time":"2020-06-30 09:43:20","animal_name":"Squirrel","weather":"Clear","battery":23},
{"time":"2020-04-24 07:30:13","animal_name":"Squirrel","weather":"Clear","battery":18},
{"time":"2020-01-26 20:39:45","animal_name":null,"weather":"Clear","battery":84},
{"time":"2019-07-24 03:43:27","animal_name":"Rabbit","weather":"Clear","battery":23},
{"time":"2019-07-08 00:39:57","animal_name":"Squirrel","weather":"Cloudy","battery":25},
{"time":"2019-06-19 07:29:13","animal_name":"Rabbit","weather":"Cloudy","battery":12},
{"time":"2020-04-25 19:36:58","animal_name":"Squirrel","weather":"Cloudy","battery":38},
{"time":"2020-04-14 23:30:00","animal_name":"Deer","weather":"Cloudy","battery":31},
{"time":"2020-05-20 14:41:53","animal_name":"Squirrel","weather":"Cloudy","battery":97},
{"time":"2020-03-10 01:12:39","animal_name":"Rabbit","weather":"Clear","battery":16},
{"time":"2020-03-16 04:32:28","animal_name":"Squirrel","weather":"Clear","battery":78},
{"time":"2019-10-26 00:43:30","animal_name":"Squirrel","weather":"Cloudy","battery":40},
{"time":"2019-06-13 19:11:19","animal_name":"Squirrel","weather":"Rainy","battery":64},
{"time":"2019-09-16 14:26:18","animal_name":"Squirrel","weather":"Rainy","battery":33},
{"time":"2020-03-08 00:47:14","animal_name":"Squirrel","weather":"Clear","battery":47},
{"time":"2019-07-26 18:56:23","animal_name":"Deer","weather":"Clear","battery":97},
{"time":"2019-11-05 12:53:36","animal_name":"Squirrel","weather":"Rainy","battery":2},
{"time":"2019-09-10 22:39:03","animal_name":"Squirrel","weather":"Clear","battery":41},
{"time":"2020-06-20 01:43:50","animal_name":"Wolf","weather":"Clear","battery":94},
{"time":"2019-09-15 05:04:54","animal_name":"Rabbit","weather":"Clear","battery":41},
{"time":"2019-10-18 07:02:12","animal_name":"Squirrel","weather":"Rainy","battery":87},
{"time":"2019-10-20 17:15:21","animal_name":"Rabbit","weather":"Clear","battery":85},
{"time":"2020-02-25 17:59:09","animal_name":"Wolf","weather":"Clear","battery":56},
{"time":"2020-05-02 15:32:40","animal_name":"Squirrel","weather":"Cloudy","battery":14},
{"time":"2020-02-07 16:40:45","animal_name":"Squirrel","weather":"Clear","battery":40},
{"time":"2020-08-28 13:44:27","animal_name":"Deer","weather":"Clear","battery":3},
{"time":"2019-06-05 23:03:56","animal_name":"Squirrel","weather":"Clear","battery":95},
{"time":"2020-03-26 01:48:14","animal_name":null,"weather":"Cloudy","battery":42},
{"time":"2019-11-25 21:27:26","animal_name":"Bear","weather":"Clear","battery":79},
{"time":"2019-12-24 08:42:19","animal_name":"Rabbit","weather":"Rainy","battery":1}]