[{"time":"2020-03-06 10:44:23","animal_name":"Rabbit","weather":"Clear","battery":12},
{"time":"2020-04-02 13:04:08","animal_name":"Squirrel","weather":"Clear","battery":8},
{"time":"2020-03-12 17:13:57","animal_name":"Rabbit","weather":"Rainy","battery":18},
{"time":"2020-01-13 07:59:13","animal_name":"Rabbit","weather":"Cloudy","battery":84},
{"time":"2020-05-11 00:35:29","animal_name":"Rabbit","weather":"Clear","battery":87},
{"time":"2020-08-21 04:11:28","animal_name":"Rabbit","weather":"Cloudy","battery":100},
{"time":"2020-05-10 22:51:49","animal_name":"Squirrel","weather":"Cloudy","battery":76},
{"time":"2019-07-30 17:48:45","animal_name":"Rabbit","weather":"Clear","battery":100},
{"time":"2020-02-25 21:28:18","animal_name":"Squirrel","weather":"Cloudy","battery":30},
{"time":"2019-06-12 05:47:26","animal_name":"Squirrel","weather":"Rainy","battery":27},
{"time":"2019-10-26 12:54:00","animal_name":"Squirrel","weather":"Storm","battery":41},
{"time":"2020-07-27 12:26:05","animal_name":"Squirrel","weather":"Cloudy","battery":27},
{"time":"2020-03-22 10:40:29","animal_name":"Rabbit","weather":"Storm","battery":36},
{"time":"2020-05-29 10:30:09","animal_name":"Rabbit","weather":"Cloudy","battery":12},
{"time":"2020-06-21 18:15:05","animal_name":"Bear","weather":"Cloudy","battery":83},
{"time":"2020-06-30 16:24:20","animal_name":"Squirrel","weather":"Clear","battery":60},
{"time":"2019-08-23 13:29:07","animal_name":"Squirrel","weather":"Storm","battery":37},
{"time":"2020-02-05 03:24:46","animal_name":null,"weather":"Cloudy","battery":45},
{"time":"2019-07-24 13:49:12","animal_name":"Rabbit","weather":"Cloudy","battery":53},
{"time":"2019-10-07 03:11:13","animal_name":"Deer","weather":"Clear","battery":77},
{"time":"2019-07-22 17:12:59","animal_name":null,"weather":"Clear","battery":91},
{"time":"2020-06-17 09:28:29","animal_name":"Rabbit","weather":"Clear","battery":35},
{"time":"2019-08-22 12:20:33","animal_name":"Deer","weather":"Clear","battery":13},
{"time":"2019-09-04 03:02:22","animal_name":"Rabbit","weather":"Storm","battery":87},
{"time":"2020-03-22 07:51:15","animal_name":"Squirrel","weather":"Rainy","battery":43},
{"time":"2020-07-24 13:12:58","animal_name":"Squirrel","weather":"Cloudy","battery":61},
{"time":"2019-09-01 16:01:48","animal_name":"Squirrel","weather":"Cloudy","battery":69},
{"time":"2019-11-13 01:44:49","animal_name":"Squirrel","weather":"Clear","battery":32},
{"time":"2019-06-20 05:43:15","animal_name":"Rabbit","weather":"Rainy","battery":57},
{"time":"2019-09-25 11:17:40","animal_name":"Squirrel","weather":"Storm","battery":100},
{"time":"2019-09-30 13:10:36","animal_name":"Deer","weather":"Rainy","battery":26},
{"time":"2019-07-15 19:59:29","animal_name":"Squirrel","weather":"Clear","battery":2},
{"time":"2020-03-30 18:50:56","animal_name":"Rabbit","weather":"Clear","battery":70},
{"time":"2020-07-07 03:38:48","animal_name":"Squirrel","weather":"Clear","battery":89},
{"time":"2019-12-14 18:05:33","animal_name":"Squirrel","weather":"Cloudy","battery":40},
{"time":"2020-06-18 01:24:05","animal_name":"Wolf","weather":"Clear","battery":2},
{"time":"2019-07-21 12:21:32","animal_name":"Rabbit","weather":"Cloudy","battery":23},
{"time":"2019-11-24 10:29:29","animal_name":"Squirrel","weather":"Clear","battery":93},
{"time":"2019-10-13 02:09:25","animal_name":null,"weather":"Cloudy","battery":50},
{"time":"2020-08-03 01:18:13","animal_name":"Rabbit","weather":"Cloudy","battery":83},
{"time":"2020-05-05 05:33:44","animal_name":"Rabbit","weather":"Cloudy","battery":72},
{"time":"2020-01-02 16:09:53","animal_name":"Squirrel","weather":"Clear","battery":27},
{"time":"2019-07-07 00:52:04","animal_name":"Squirrel","weather":"Clear","battery":77},
{"time":"2020-07-21 08:04:46","animal_name":"Squirrel","weather":"Cloudy","battery":22},
{"time":"2020-04-07 22:43:56","animal_name":"Squirrel","weather":"Cloudy","battery":85},
{"time":"2020-07-12 12:52:53","animal_name":"Deer","weather":"Clear","battery":53},
{"time":"2019-09-27 22:01:06","animal_name":"Rabbit","weather":"Cloudy","battery":17},
{"time":"2019-09-21 07:33:43","animal_name":"Rabbit","weather":"Clear","battery":85},
{"time":"2019-10-13 02:52:26","animal_name":"Rabbit","weather":"Cloudy","battery":93},
{"time":"2019-07-11 09:09:15","animal_name":"Rabbit","weather":"Storm","battery":34},
{"time":"2019-10-12 23:38:45","animal_name":"Rabbit","weather":"Cloudy","battery":89},
{"time":"2020-05-11 13:14:36","animal_name":"Squirrel","weather":"Clear","battery":40},
{"time":"2019-10-23 06:53:25","animal_name":"Squirrel","weather":"Clear","battery":35},
{"time":"2020-02-09 15:07:55","animal_name":"Squirrel","weather":"Clear","battery":90},
{"time":"2020-06-03 15:05:43","animal_name":"Rabbit","weather":"Clear","battery":56},
{"time":"2020-02-04 03:26:02","animal_name":"Squirrel","weather":"Cloudy","battery":85},
{"time":"2019-12-31 13:53:43","animal_name":"Rabbit","weather":"Cloudy","battery":96},
{"time":"2019-12-06 09:22:36","animal_name":"Rabbit","weather":"Cloudy","battery":16},
{"time":"2019-11-18 01:15:02","animal_name":"Rabbit","weather":"Clear","battery":61},
{"time":"2020-05-20 19:29:37","animal_name":"Deer","weather":"Cloudy","battery":30},
{"time":"2019-08-13 01:52:47","animal_name":"Squirrel","weather":"Cloudy","battery":31},
{"time":"2019-12-28 01:33:40","animal_name":"Squirrel","weather":"Cloudy","battery":54},
{"time":"2020-06-15 12:20:19","animal_name":"Wolf","weather":"Clear","battery":80},
{"time":"2019-11-24 22:22:15","animal_name":"Squirrel","weather":"Rainy","battery":79},
{"time":"2020-02-02 13:07:37","animal_name":"Squirrel","weather":"Clear","battery":24},
{"time":"2020-03-07 03:19:01","animal_name":"Rabbit","weather":"Clear","battery":34},
{"time":"2019-07-21 11:50:26","animal_name":"Rabbit","weather":"Clear","battery":10},
{"time":"2020-02-22 06:16:10","animal_name":"Rabbit","weather":"Rainy","battery":28},
{"time":"2020-05-13 22:30:50","animal_name":"Rabbit","weather":"Cloudy","battery":52},
{"time":"2019-10-15 14:30:09","animal_name":null,"weather":"Clear","battery":68},
{"time":"2019-12-17 10:57:22","animal_name":"Deer","weather":"Clear","battery":32},
{"time":"2019-11-28 10:36:20","animal_name":"Squirrel","weather":"Cloudy","battery":39},
{"time":"2020-02-28 19:42:39","animal_name":"Bear","weather":"Cloudy","battery":23},
{"time":"2020-02-01 18:32:58","animal_name":"Bear","weather":"Clear","battery":23},
{"time":"2019-07-12 14:38:14","animal_name":"Deer","weather":"Clear","battery":78},
{"time":"2020-02-04 12:49:52","animal_name":"Squirrel","weather":"Rainy","battery":7},
{"time":"2020-06-29 16:44:45","animal_name":"Squirrel","weather":"Rainy","battery":38},
{"time":"2020-08-18 03:12:08","animal_name":"Rabbit","weather":"Clear","battery":75},
{"time":"2020-07-17 12:31:17","animal_name":"Rabbit","weather":"Clear","battery":74},
{"time":"2019-09-29 03:38:13","animal_name":"Rabbit","weather":"Clear","battery":99},
{"time":"2020-06-14 18:55:41","animal_name":"Rabbit","weather":"Storm","battery":7},
{"time":"2019-10-23 01:22:23","animal_name":"Wolf","weather":"Cloudy","battery":10},
{"time":"2020-02-04 15:14:47","animal_name":"Rabbit","weather":"Clear","battery":55},
{"time":"2020-07-29 07:15:59","animal_name":"Rabbit","weather":"Storm","battery":80},
{"time":"2019-07-26 22:55:53","animal_name":"Rabbit","weather":"Clear","battery":37},
{"time":"2020-06-19 09:45:39","animal_name":"Rabbit","weather":"Clear","battery":1},
{"time":"2019-11-05 20:39:27","animal_name":"Rabbit","weather":"Cloudy","battery":47},
{"time":"2019-10-24 15:41:22","animal_name":"Rabbit","weather":"Clear","battery":53},
{"time":"2019-12-12 23:57:18","animal_name":"Squirrel","weather":"Clear","battery":33},
{"time":"2019-12-19 00:41:14","animal_name":"Rabbit","weather":"Clear","battery":63},
{"time":"2019-09-17 19:07:55","animal_name":"Squirrel","weather":"Clear","battery":60},
{"time":"2020-02-13 10:50:51","animal_name":"Rabbit","weather":"Cloudy","battery":85},
{"time":"2019-08-18 03:14:11","animal_name":"Deer","weather":"Cloudy","battery":62},
{"time":"2019-11-05 12:05:06","animal_name":"Squirrel","weather":"Clear","battery":73},
{"time":"2019-10-24 00:57:53","animal_name":"Rabbit","weather":"Clear","battery":47},
{"time":"2020-01-30 02:09:25","animal_name":"Rabbit","weather":"Cloudy","battery":71},
{"time":"2020-06-29 05:48:22","animal_name":"Squirrel","weather":"Clear","battery":56},
{"time":"2019-08-11 09:27:21","animal_name":"Squirrel","weather":"Rainy","battery":32},
{"time":"2019-09-09 00:51:15","animal_name":"Squirrel","weather":"Storm","battery":26},
{"time":"2020-08-18 21:03:20","animal_name":"Squirrel","weather":"Clear","battery":5}]