[{"time":"2019-10-28 18:06:13","animal_name":"Bear","weather":"Clear","battery":93},
{"time":"2020-05-23 10:11:02","animal_name":"Deer","weather":"Clear","battery":81},
{"time":"2020-01-20 03:55:41","animal_name":"Rabbit","weather":"Clear","battery":15},
{"time":"2020-06-14 13:46:24","animal_name":"Rabbit","weather":"Clear","battery":77},
{"time":"2020-06-13 07:37:57","animal_name":"Squirrel","weather":"Cloudy","battery":3},
{"time":"2019-09-02 05:02:06","animal_name":"Deer","weather":"Cloudy","battery":87},
{"time":"2020-01-15 16:31:11","animal_name":"Rabbit","weather":"Clear","battery":57},
{"time":"2020-05-07 19:23:18","animal_name":"Squirrel","weather":"Clear","battery":34},
{"time":"2020-05-01 06:47:23","animal_name":"Rabbit","weather":"Rainy","battery":29},
{"time":"2020-07-19 07:08:19","animal_name":"Rabbit","weather":"Clear","battery":100},
{"time":"2019-08-13 21:14:19","animal_name":"Deer","weather":"Clear","battery":35},
{"time":"2020-01-15 12:12:58","animal_name":"Rabbit","weather":"Clear","battery":66},
{"time":"2020-03-17 03:07:28","animal_name":"Deer","weather":"Clear","battery":82},
{"time":"2019-08-20 19:48:18","animal_name":"Deer","weather":"Cloudy","battery":16},
{"time":"2020-03-08 20:10:55","animal_name":"Rabbit","weather":"Clear","battery":60},
{"time":"2019-11-13 16:34:27","animal_name":"Squirrel","weather":"Clear","battery":17},
{"time":"2020-05-30 06:35:42","animal_name":"Rabbit","weather":"Clear","battery":34},
{"time":"2020-04-28 07:06:54","animal_name":"Squirrel","weather":"Clear","battery":34},
{"time":"2020-01-04 23:00:49","animal_name":"Rabbit","weather":"Clear","battery":87},
{"time":"2019-09-03 14:22:52","animal_name":"Bear","weather":"Clear","battery":46},
{"time":"2020-08-16 06:53:58","animal_name":"Squirrel","weather":"Cloudy","battery":20},
{"time":"2020-08-27 19:48:15","animal_name":"Squirrel","weather":"Clear","battery":83},
{"time":"2020-02-15 23:58:59","animal_name":"Rabbit","weather":"Cloudy","battery":44},
{"time":"2019-12-02 04:43:20","animal_name":"Rabbit","weather":"Cloudy","battery":25},
{"time":"2020-02-28 19:31:28","animal_name":"Squirrel","weather":"Clear","battery":64},
{"time":"2019-10-01 02:29:21","animal_name":"Squirrel","weather":"Storm","battery":51},
{"time":"2020-05-14 15:51:19","animal_name":"Squirrel","weather":"Clear","battery":82},
{"time":"2019-10-28 16:47:47","animal_name":"Squirrel","weather":"Clear","battery":86},
{"time":"2020-06-21 04:07:53","animal_name":"Squirrel","weather":"Cloudy","battery":69},
{"time":"2020-05-11 21:14:01","animal_name":"Deer","weather":"Clear","battery":41},
{"time":"2020-04-08 16:35:02","animal_name":"Squirrel","weather":"Clear","battery":94},
{"time":"2020-03-09 19:26:08","animal_name":"Wolf","weather":"Clear","battery":34},
{"time":"2019-12-19 05:10:50","animal_name":"Rabbit","weather":"Cloudy","battery":99},
{"time":"2019-11-13 11:59:45","animal_name":"Squirrel","weather":"Cloudy","battery":97},
{"time":"2020-08-03 04:06:28","animal_name":"Squirrel","weather":"Clear","battery":79},
{"time":"2019-11-11 03:49:24","animal_name":"Squirrel","weather":"Clear","battery":88},
{"time":"2020-04-07 17:35:59","animal_name":"Rabbit","weather":"Cloudy","battery":12},
{"time":"2020-07-20 02:54:38","animal_name":"Squirrel","weather":"Storm","battery":43},
{"time":"2019-08-24 20:29:04","animal_name":"Squirrel","weather":"Clear","battery":51},
{"time":"2019-12-20 14:49:00","animal_name":"Squirrel","weather":"Rainy","battery":65},
{"time":"2019-12-31 19:54:09","animal_name":"Deer","weather":"Clear","battery":81},
{"time":"2020-05-01 20:18:28","animal_name":"Squirrel","weather":"Clear","battery":40},
{"time":"2020-04-15 15:22:47","animal_name":"Rabbit","weather":"Clear","battery":56},
{"time":"2020-04-02 00:40:59","animal_name":"Rabbit","weather":"Clear","battery":64},
{"time":"2020-01-22 14:15:04","animal_name":"Squirrel","weather":"Clear","battery":67},
{"time":"2019-08-30 03:53:09","animal_name":"Rabbit","weather":"Cloudy","battery":6},
{"time":"2020-06-01 21:10:26","animal_name":"Squirrel","weather":"Clear","battery":25},
{"time":"2020-08-16 22:34:45","animal_name":"Squirrel","weather":"Cloudy","battery":50},
{"time":"2019-11-16 07:20:15","animal_name":"Squirrel","weather":"Cloudy","battery":22},
{"time":"2019-08-03 23:57:15","animal_name":"Rabbit","weather":"Rainy","battery":98},
{"time":"2020-01-08 14:52:00","animal_name":"Squirrel","weather":"Clear","battery":79},
{"time":"2020-01-03 08:59:36","animal_name":"Squirrel","weather":"Rainy","battery":19},
{"time":"2019-07-31 19:04:03","animal_name":"Rabbit","weather":"Storm","battery":97},
{"time":"2019-10-22 08:54:39","animal_name":"Wolf","weather":"Cloudy","battery":87},
{"time":"2020-02-08 10:33:12","animal_name":"Wolf","weather":"Cloudy","battery":9},
{"time":"2020-02-28 09:12:35","animal_name":"Rabbit","weather":"Cloudy","battery":36},
{"time":"2019-06-14 15:01:32","animal_name":"Squirrel","weather":"Clear","battery":54},
{"time":"2020-04-04 13:57:10","animal_name":"Squirrel","weather":"Clear","battery":60},
{"time":"2020-02-03 01:30:48","animal_name":"Rabbit","weather":"Clear","battery":42},
{"time":"2019-11-10 15:58:01","animal_name":"Wolf","weather":"Storm","battery":29},
{"time":"2020-05-19 22:21:54","animal_name":"Squirrel","weather":"Clear","battery":62},
{"time":"2020-03-01 00:04:45","animal_name":"Squirrel","weather":"Cloudy","battery":75},
{"time":"2020-04-20 22:54:50","animal_name":null,"weather":"Clear","battery":13},
{"time":"2020-02-28 09:19:55","animal_name":"Rabbit","weather":"Cloudy","battery":29},
{"time":"2020-02-16 17:21:11","animal_name":"Rabbit","weather":"Clear","battery":93},
{"time":"2020-06-21 09:44:03","animal_name":"Squirrel","weather":"Clear","battery":100},
{"time":"2019-09-11 17:58:00","animal_name":"Rabbit","weather":"Clear","battery":49},
{"time":"2019-06-19 13:52:03","animal_name":"Squirrel","weather":"Clear","battery":46},
{"time":"2019-07-14 10:34:42","animal_name":"Rabbit","weather":"Cloudy","battery":25},
{"time":"2020-03-07 02:51:31","animal_name":"Squirrel","weather":"Rainy","battery":49},
{"time":"2019-10-09 16:53:56","animal_name":"Deer","weather":"Storm","battery":50},
{"time":"2020-08-12 02:37:44","animal_name":"Deer","weather":"Clear","battery":77},
{"time":"2020-01-23 18:50:02","animal_name":"Rabbit","weather":"Rainy","battery":5},
{"time":"2019-07-11 03:03:36","animal_name":"Rabbit","weather":"Clear","battery":17},
{"time":"2019-07-11 11:16:13","animal_name":"Squirrel","weather":"Cloudy","battery":42},
{"time":"2019-10-11 04:54:07","animal_name":null,"weather":"Clear","battery":59},
{"time":"2020-03-05 13:12:47","animal_name":"Squirrel","weather":"Cloudy","battery":98},
{"time":"2020-06-02 07:43:54","animal_name":"Rabbit","weather":"Clear","battery":57},
{"time":"2019-12-18 06:49:56","animal_name":"Deer","weather":"Clear","battery":60},
{"time":"2019-10-09 16:12:23","animal_name":"Bear","weather":"Clear","battery":59},
{"time":"2019-12-28 12:01:58","animal_name":"Squirrel","weather":"Clear","battery":87},
{"time":"2020-03-29 19:33:33","animal_name":"Rabbit","weather":"Cloudy","battery":60},
{"time":"2020-03-14 21:58:18","animal_name":"Squirrel","weather":"Cloudy","battery":49},
{"time":"2020-03-15 00:14:11","animal_name":"Rabbit","weather":"Rainy","battery":42},
{"time":"2019-07-26 19:09:15","animal_name":"Bear","weather":"Clear","battery":8},
{"time":"2019-07-02 14:47:09","animal_name":"Deer","weather":"Clear","battery":82},
{"time":"2019-07-11 21:15:44","animal_name":"Rabbit","weather":"Clear","battery":13},
{"time":"2019-07-13 07:05:45","animal_name":"Rabbit","weather":"Clear","battery":32},
{"time":"2019-09-10 15:08:30","animal_name":"Squirrel","weather":"Cloudy","battery":90},
{"time":"2019-10-14 04:06:34","animal_name":"Rabbit","weather":"Clear","battery":76},
{"time":"2019-10-22 08:29:45","animal_name":"Deer","weather":"Clear","battery":65},
{"time":"2019-11-03 07:59:35","animal_name":"Squirrel","weather":"Cloudy","battery":25},
{"time":"2020-02-27 08:13:51","animal_name":"Deer","weather":"Clear","battery":45},
{"time":"2020-08-23 11:37:46","animal_name":"Deer","weather":"Cloudy","battery":51},
{"time":"2019-06-18 00:34:07","animal_name":"Deer","weather":"Rainy","battery":19},
{"time":"2019-07-23 23:33:02","animal_name":"Rabbit","weather":"Clear","battery":31},
{"time":"2020-02-17 09:12:06","animal_name":null,"weather":"Clear","battery":40},
{"time":"2020-08-23 07:31:58","animal_name":"Rabbit","weather":"Clear","battery":16},
{"time":"2019-09-09 11:20:43","animal_name":"Rabbit","weather":"Clear","battery":1},
{"time":"2020-04-29 20:50:12","animal_name":"Rabbit","weather":"Clear","battery":73}]