[{"time":"2020-01-18 21:10:45","animal_name":"Rabbit","weather":"Cloudy","battery":80},
{"time":"2019-09-24 08:59:51","animal_name":"Rabbit","weather":"Cloudy","battery":26},
{"time":"2019-11-24 17:26:24","animal_name":"Squirrel","weather":"Rainy","battery":33},
{"time":"2020-01-29 07:07:43","animal_name":"Squirrel","weather":"Clear","battery":74},
{"time":"2020-02-27 00:17:57","animal_name":"Rabbit","weather":"Clear","battery":29},
{"time":"2019-06-12 21:56:43","animal_name":"Rabbit","weather":"Rainy","battery":29},
{"time":"2019-12-11 15:55:55","animal_name":"Rabbit","weather":"Rainy","battery":6},
{"time":"2020-01-11 00:28:03","animal_name":null,"weather":"Clear","battery":24},
{"time":"2019-09-01 08:23:38","animal_name":"Squirrel","weather":"Clear","battery":81},
{"time":"2020-03-12 07:44:51","animal_name":"Squirrel","weather":"Clear","battery":32},
{"time":"2020-07-06 14:14:03","animal_name":"Squirrel","weather":"Cloudy","battery":84},
{"time":"2019-06-19 12:24:57","animal_name":"Squirrel","weather":"Cloudy","battery":50},
{"time":"2020-05-27 01:46:25","animal_name":"Rabbit","weather":"Rainy","battery":93},
{"time":"2019-09-10 21:43:27","animal_name":"Bear","weather":"Clear","battery":6},
{"time":"2019-09-26 04:55:50","animal_name":"Deer","weather":"Clear","battery":48},
{"time":"2019-09-10 21:48:31","animal_name":"Squirrel","weather":"Clear","battery":37},
{"time":"2019-07-30 17:45:48","animal_name":"Wolf","weather":"Rainy","battery":50},
{"time":"2020-04-13 10:22:02","animal_name":"Wolf","weather":"Rainy","battery":29},
{"time":"2020-03-22 01:35:40","animal_name":"Squirrel","weather":"Rainy","battery":13},
{"time":"2019-06-06 15:29:35","animal_name":null,"weather":"Rainy","battery":84},
{"time":"2019-09-11 22:23:37","animal_name":"Rabbit","weather":"Clear","battery":8},
{"time":"2019-08-20 18:38:31","animal_name":"Wolf","weather":"Cloudy","battery":49},
{"time":"2019-06-26 23:13:01","animal_name":"Rabbit","weather":"Clear","battery":43},
{"time":"2020-02-06 09:10:44","animal_name":"Deer","weather":"Cloudy","battery":1},
{"time":"2020-02-21 04:48:10","animal_name":"Rabbit","weather":"Storm","battery":50},
{"time":"2019-08-19 06:55:17","animal_name":"Wolf","weather":"Rainy","battery":84},
{"time":"2019-12-06 04:51:47","animal_name":"Deer","weather":"Clear","battery":84},
{"time":"2019-07-17 17:18:22","animal_name":"Bear","weather":"Clear","battery":25},
{"time":"2020-06-05 18:31:33","animal_name":"Squirrel","weather":"Clear","battery":28},
{"time":"2020-08-11 05:03:54","animal_name":"Squirrel","weather":"Cloudy","battery":7},
{"time":"2020-04-23 21:06:16","animal_name":"Rabbit","weather":"Cloudy","battery":80},
{"time":"2020-07-02 23:39:03","animal_name":"Rabbit","weather":"Cloudy","battery":29},
{"time":"2020-01-28 02:25:17","animal_name":"Rabbit","weather":"Rainy","battery":31},
{"time":"2019-06-26 11:08:53","animal_name":"Rabbit","weather":"Clear","battery":74},
{"time":"2020-01-08 00:36:01","animal_name":"Squirrel","weather":"Cloudy","battery":59},
{"time":"2019-12-10 20:49:17","animal_name":"Squirrel","weather":"Clear","battery":85},
{"time":"2019-11-11 13:20:42","animal_name":"Squirrel","weather":"Rainy","battery":63},
{"time":"2020-04-22 23:38:02","animal_name":"Squirrel","weather":"Clear","battery":36},
{"time":"2019-07-25 14:05:30","animal_name":"Squirrel","weather":"Clear","battery":3},
{"time":"2020-04-13 08:59:45","animal_name":"Rabbit","weather":"Storm","battery":85},
{"time":"2019-08-05 17:15:44","animal_name":null,"weather":"Clear","battery":16},
{"time":"2020-01-18 16:45:15","animal_name":"Squirrel","weather":"Cloudy","battery":86},
{"time":"2019-11-23 10:49:15","animal_name":"Deer","weather":"Clear","battery":31},
{"time":"2020-02-22 18:17:38","animal_name":"Squirrel","weather":"Cloudy","battery":42},
{"time":"2020-08-11 00:01:38","animal_name":"Deer","weather":"Clear","battery":28},
{"time":"2019-10-29 10:17:05","animal_name":"Bear","weather":"Clear","battery":68},
{"time":"2019-08-23 07:07:50","animal_name":"Squirrel","weather":"Clear","battery":1},
{"time":"2020-02-17 22:11:29","animal_name":"Deer","weather":"Clear","battery":80},
{"time":"2020-03-04 00:30:31","animal_name":"Rabbit","weather":"Storm","battery":23},
{"time":"2020-08-24 19:44:15","animal_name":"Rabbit","weather":"Rainy","battery":76},
{"time":"2020-03-25 23:15:40","animal_name":"Squirrel","weather":"Cloudy","battery":25},
{"time":"2019-06-03 17:24:26","animal_name":"Squirrel","weather":"Rainy","battery":32},
{"time":"2019-12-29 04:48:22","animal_name":"Rabbit","weather":"Clear","battery":42},
{"time":"2019-07-27 12:26:26","animal_name":"Deer","weather":"Rainy","battery":84},
{"time":"2020-06-11 18:25:01","animal_name":"Rabbit","weather":"Clear","battery":60},
{"time":"2020-05-23 09:58:45","animal_name":"Squirrel","weather":"Cloudy","battery":28},
{"time":"2020-01-14 19:37:02","animal_name":"Rabbit","weather":"Clear","battery":52},
{"time":"2019-10-13 15:34:10","animal_name":"Squirrel","weather":"Rainy","battery":15},
{"time":"2020-03-22 07:29:17","animal_name":"Deer","weather":"Clear","battery":34},
{"time":"2019-07-24 16:49:11","animal_name":"Deer","weather":"Cloudy","battery":6},
{"time":"2020-06-27 12:51:17","animal_name":"Rabbit","weather":"Clear","battery":95},
{"time":"2019-07-07 07:36:27","animal_name":"Deer","weather":"Clear","battery":49},
{"time":"2020-02-11 12:04:39","animal_name":"Squirrel","weather":"Cloudy","battery":91},
{"time":"2020-05-14 14:14:24","animal_name":"Rabbit","weather":"Rainy","battery":92},
{"time":"2020-06-30 21:43:26","animal_name":"Squirrel","weather":"Cloudy","battery":90},
{"time":"2020-02-12 16:40:47","animal_name":"Squirrel","weather":"Rainy","battery":34},
{"time":"2020-02-06 16:44:33","animal_name":"Squirrel","weather":"Rainy","battery":7},
{"time":"2020-05-31 13:36:15","animal_name":"Squirrel","weather":"Cloudy","battery":71},
{"time":"2020-05-10 06:11:54","animal_name":"Rabbit","weather":"Clear","battery":36},
{"time":"2020-02-04 02:55:51","animal_name":null,"weather":"Clear","battery":49},
{"time":"2020-07-26 23:33:43","animal_name":"Rabbit","weather":"Clear","battery":9},
{"time":"2019-11-26 06:03:56","animal_name":"Squirrel","weather":"Rainy","battery":100},
{"time":"2020-04-04 21:01:15","animal_name":"Squirrel","weather":"Cloudy","battery":65},
{"time":"2019-12-22 20:11:23","animal_name":"Deer","weather":"Clear","battery":94},
{"time":"2019-12-05 19:39:32","animal_name":"Rabbit","weather":"Cloudy","battery":53},
{"time":"2019-12-27 08:31:10","animal_name":"Rabbit","weather":"Cloudy","battery":70},
{"time":"2019-08-13 17:25:50","animal_name":"Deer","weather":"Storm","battery":76},
{"time":"2019-12-09 12:58:18","animal_name":"Deer","weather":"Cloudy","battery":90},
{"time":"2019-08-02 16:07:54","animal_name":"Squirrel","weather":"Cloudy","battery":25},
{"time":"2020-03-06 21:12:10","animal_name":"Squirrel","weather":"Cloudy","battery":97},
{"time":"2020-08-10 09:14:35","animal_name":"Rabbit","weather":"Cloudy","battery":26},
{"time":"2020-07-26 08:22:43","animal_name":"Squirrel","weather":"Clear","battery":31},
{"time":"2019-10-18 01:10:44","animal_name":"Rabbit","weather":"Cloudy","battery":19},
{"time":"2020-08-15 05:08:39","animal_name":"Squirrel","weather":"Clear","battery":39},
{"time":"2019-11-07 04:48:49","animal_name":"Rabbit","weather":"Rainy","battery":7},
{"time":"2020-07-29 02:06:03","animal_name":"Squirrel","weather":"Clear","battery":24},
{"time":"2020-06-06 11:39:09","animal_name":"Squirrel","weather":"Cloudy","battery":17},
{"time":"2019-06-02 21:57:28","animal_name":"Rabbit","weather":"Clear","battery":18},
{"time":"2020-02-01 01:26:57","animal_name":"Rabbit","weather":"Rainy","battery":81},
{"time":"2020-04-10 14:54:46","animal_name":"Deer","weather":"Clear","battery":75},
{"time":"2019-12-29 12:05:16","animal_name":"Rabbit","weather":"Clear","battery":77},
{"time":"2020-04-02 19:09:11","animal_name":"Rabbit","weather":"Cloudy","battery":87},
{"time":"2019-10-26 07:17:29","animal_name":"Deer","weather":"Clear","battery":53},
{"time":"2020-01-12 14:44:36","animal_name":"Squirrel","weather":"Clear","battery":35},
{"time":"2019-11-09 11:39:11","animal_name":"Squirrel","weather":"Clear","battery":56},
{"time":"2019-12-22 21:17:42","animal_name":"Squirrel","weather":"Clear","battery":97},
{"time":"2020-08-23 03:58:27","animal_name":null,"weather":"Rainy","battery":68},
{"time":"2019-11-07 19:10:18","animal_name":"Deer","weather":"Storm","battery":6},
{"time":"2019-07-26 22:11:50","animal_name":"Wolf","weather":"Clear","battery":31},
{"time":"2020-08-18 09:16:19","animal_name":"Squirrel","weather":"Clear","battery":54}]