[{"time":"2020-05-18 21:17:09","animal_name":"Squirrel","weather":"Storm","battery":1},
{"time":"2019-12-15 03:39:20","animal_name":"Squirrel","weather":"Clear","battery":97},
{"time":"2020-03-11 13:42:51","animal_name":"Squirrel","weather":"Clear","battery":75},
{"time":"2019-12-14 13:01:24","animal_name":"Squirrel","weather":"Clear","battery":73},
{"time":"2020-04-16 10:10:55","animal_name":"Squirrel","weather":"Rainy","battery":77},
{"time":"2019-09-19 13:06:10","animal_name":"Squirrel","weather":"Cloudy","battery":42},
{"time":"2020-08-28 15:47:21","animal_name":"Squirrel","weather":"Rainy","battery":47},
{"time":"2019-06-11 12:07:03","animal_name":"Squirrel","weather":"Cloudy","battery":45},
{"time":"2019-06-05 04:37:13","animal_name":"Rabbit","weather":"Rainy","battery":11},
{"time":"2020-06-17 10:01:15","animal_name":"Rabbit","weather":"Rainy","battery":79},
{"time":"2020-07-30 11:13:09","animal_name":"Rabbit","weather":"Rainy","battery":47},
{"time":"2020-06-15 20:44:01","animal_name":"Rabbit","weather":"Clear","battery":25},
{"time":"2020-01-20 13:29:20","animal_name":"Squirrel","weather":"Cloudy","battery":9},
{"time":"2020-04-03 08:03:35","animal_name":"Rabbit","weather":"Clear","battery":80},
{"time":"2019-12-09 07:47:30","animal_name":"Bear","weather":"Clear","battery":47},
{"time":"2019-06-21 01:24:18","animal_name":"Squirrel","weather":"Clear","battery":51},
{"time":"2019-08-25 17:24:41","animal_name":"Rabbit","weather":"Cloudy","battery":27},
{"time":"2020-07-18 15:28:13","animal_name":"Squirrel","weather":"Cloudy","battery":43},
{"time":"2020-07-05 05:52:13","animal_name":"Squirrel","weather":"Clear","battery":84},
{"time":"2020-05-07 22:13:34","animal_name":"Rabbit","weather":"Rainy","battery":16},
{"time":"2019-06-24 22:31:39","animal_name":"Squirrel","weather":"Cloudy","battery":58},
{"time":"2019-06-19 16:10:37","animal_name":"Rabbit","weather":"Cloudy","battery":61},
{"time":"2020-06-21 14:18:31","animal_name":"Rabbit","weather":"Clear","battery":26},
{"time":"2019-12-11 07:03:11","animal_name":"Squirrel","weather":"Clear","battery":58},
{"time":"2020-08-17 23:19:20","animal_name":"Rabbit","weather":"Clear","battery":92},
{"time":"2020-01-13 10:23:54","animal_name":"Squirrel","weather":"Clear","battery":3},
{"time":"2020-07-04 13:43:45","animal_name":"Squirrel","weather":"Clear","battery":32},
{"time":"2019-08-17 21:48:55","animal_name":"Deer","weather":"Cloudy","battery":12},
{"time":"2019-09-03 14:07:08","animal_name":"Rabbit","weather":"Clear","battery":28},
{"time":"2019-11-04 21:03:15","animal_name":"Bear","weather":"Rainy","battery":97},
{"time":"2019-12-05 23:28:03","animal_name":"Rabbit","weather":"Cloudy","battery":88},
{"time":"2020-07-31 20:29:57","animal_name":"Rabbit","weather":"Cloudy","battery":49},
{"time":"2020-07-01 00:50:23","animal_name":"Rabbit","weather":"Clear","battery":70},
{"time":"2019-07-21 00:31:59","animal_name":"Rabbit","weather":"Rainy","battery":68},
{"time":"2020-03-18 06:40:33","animal_name":"Squirrel","weather":"Storm","battery":66},
{"time":"2020-08-02 18:08:50","animal_name":"Squirrel","weather":"Rainy","battery":58},
{"time":"2019-09-28 11:07:41","animal_name":"Rabbit","weather":"Clear","battery":54},
{"time":"2020-02-06 14:32:13","animal_name":"Rabbit","weather":"Storm","battery":61},
{"time":"2020-08-26 10:18:06","animal_name":"Squirrel","weather":"Rainy","battery":30},
{"time":"2020-01-14 18:51:26","animal_name":"Rabbit","weather":"Cloudy","battery":58},
{"time":"2020-03-08 01:55:12","animal_name":"Squirrel","weather":"Cloudy","battery":39},
{"time":"2019-08-20 05:12:16","animal_name":"Rabbit","weather":"Cloudy","battery":25},
{"time":"2020-06-19 13:47:35","animal_name":"Squirrel","weather":"Rainy","battery":96},
{"time":"2020-05-23 19:13:01","animal_name":"Squirrel","weather":"Clear","battery":15},
{"time":"2019-07-12 06:35:30","animal_name":"Rabbit","weather":"Clear","battery":25},
{"time":"2020-05-05 10:19:51","animal_name":"Rabbit","weather":"Clear","battery":79},
{"time":"2020-04-27 07:17:35","animal_name":"Squirrel","weather":"Storm","battery":80},
{"time":"2019-07-21 18:41:37","animal_name":"Squirrel","weather":"Cloudy","battery":3},
{"time":"2019-10-29 09:27:38","animal_name":"Deer","weather":"Clear","battery":42},
{"time":"2019-08-24 02:05:07","animal_name":"Squirrel","weather":"Clear","battery":89},
{"time":"2020-03-20 02:17:20","animal_name":"Squirrel","weather":"Cloudy","battery":87},
{"time":"2019-10-26 16:59:22","animal_name":"Squirrel","weather":"Storm","battery":22},
{"time":"2020-04-04 05:29:06","animal_name":"Rabbit","weather":"Clear","battery":57},
{"time":"2019-11-10 11:25:13","animal_name":"Squirrel","weather":"Rainy","battery":74},
{"time":"2019-06-22 17:20:34","animal_name":"Rabbit","weather":"Clear","battery":49},
{"time":"2020-05-11 21:58:56","animal_name":"Squirrel","weather":"Clear","battery":24},
{"time":"2020-05-14 12:37:50","animal_name":"Squirrel","weather":"Clear","battery":20},
{"time":"2020-04-01 20:57:19","animal_name":"Rabbit","weather":"Rainy","battery":56},
{"time":"2020-05-27 10:30:55","animal_name":"Deer","weather":"Cloudy","battery":77},
{"time":"2019-09-21 04:30:59","animal_name":null,"weather":"Clear","battery":5},
{"time":"2019-12-25 13:41:16","animal_name":"Rabbit","weather":"Clear","battery":3},
{"time":"2019-07-10 00:52:36","animal_name":"Rabbit","weather":"Cloudy","battery":94},
{"time":"2019-06-14 14:57:08","animal_name":"Squirrel","weather":"Clear","battery":1},
{"time":"2020-07-11 04:13:23","animal_name":"Wolf","weather":"Clear","battery":14},
{"time":"2020-01-03 14:27:49","animal_name":"Deer","weather":"Cloudy","battery":97},
{"time":"2019-06-25 05:10:16","animal_name":"Rabbit","weather":"Storm","battery":57},
{"time":"2019-07-29 16:14:03","animal_name":"Rabbit","weather":"Clear","battery":29},
{"time":"2020-03-16 01:02:44","animal_name":"Rabbit","weather":"Cloudy","battery":59},
{"time":"2019-08-01 13:16:27","animal_name":"Rabbit","weather":"Clear","battery":99},
{"time":"2019-06-28 15:12:32","animal_name":"Rabbit","weather":"Rainy","battery":28},
{"time":"2020-05-03 10:25:46","animal_name":"Deer","weather":"Cloudy","battery":81},
{"time":"2019-07-13 03:36:17","animal_name":"Squirrel","weather":"Storm","battery":92},
{"time":"2020-05-31 04:55:20","animal_name":"Squirrel","weather":"Cloudy","battery":81},
{"time":"2020-02-13 15:06:44","animal_name":"Rabbit","weather":"Cloudy","battery":74},
{"time":"2020-04-21 12:47:37","animal_name":"Squirrel","weather":"Clear","battery":96},
{"time":"2019-10-18 06:09:41","animal_name":"Rabbit","weather":"Clear","battery":41},
{"time":"2020-04-25 06:05:00","animal_name":"Deer","weather":"Clear","battery":90},
{"time":"2020-06-07 20:29:22","animal_name":"Deer","weather":"Storm","battery":63},
{"time":"2020-02-22 13:33:34","animal_name":"Rabbit","weather":"Clear","battery":83},
{"time":"2020-03-07 13:54:10","animal_name":"Squirrel","weather":"Cloudy","battery":59},
{"time":"2019-11-20 23:17:47","animal_name":"Squirrel","weather":"Clear","battery":22},
{"time":"2020-01-01 02:16:27","animal_name":"Rabbit","weather":"Clear","battery":82},
{"time":"2020-01-23 09:27:04","animal_name":"Squirrel","weather":"Clear","battery":80},
{"time":"2019-07-01 21:28:12","animal_name":"Rabbit","weather":"Cloudy","battery":4},
{"time":"2019-12-23 08:37:10","animal_name":"Squirrel","weather":"Clear","battery":38},
{"time":"2020-03-27 15:57:15","animal_name":"Rabbit","weather":"Clear","battery":41},
{"time":"2019-12-05 19:18:41","animal_name":"Rabbit","weather":"Cloudy","battery":45},
{"time":"2019-12-13 01:59:27","animal_name":"Squirrel","weather":"Clear","battery":49},
{"time":"2019-08-17 13:03:04","animal_name":"Squirrel","weather":"Clear","battery":3},
{"time":"2019-10-17 23:52:05","animal_name":"Rabbit","weather":"Cloudy","battery":11},
{"time":"2019-06-25 07:28:51","animal_name":"Squirrel","weather":"Rainy","battery":31},
{"time":"2019-11-09 07:14:11","animal_name":"Squirrel","weather":"Rainy","battery":65},
{"time":"2020-03-27 01:15:18","animal_name":"Wolf","weather":"Cloudy","battery":87},
{"time":"2020-02-24 18:28:13","animal_name":"Rabbit","weather":"Clear","battery":69},
{"time":"2019-10-31 20:22:35","animal_name":"Rabbit","weather":"Clear","battery":98},
{"time":"2020-08-11 08:37:56","animal_name":"Squirrel","weather":"Rainy","battery":58},
{"time":"2020-01-25 01:50:57","animal_name":"Rabbit","weather":"Clear","battery":69},
{"time":"2020-04-12 08:47:10","animal_name":"Squirrel","weather":"Clear","battery":66},
{"time":"2019-07-16 22:21:42","animal_name":"Squirrel","weather":"Clear","battery":68},
{"time":"2020-03-31 06:00:12","animal_name":"Bear","weather":"Clear","battery":20}]