[{"time":"2020-07-20 03:57:54","animal_name":"Rabbit","weather":"Cloudy","battery":93},
{"time":"2019-12-11 00:53:06","animal_name":"Rabbit","weather":"Cloudy","battery":96},
{"time":"2019-10-24 13:20:29","animal_name":"Rabbit","weather":"Clear","battery":76},
{"time":"2020-03-18 10:50:41","animal_name":"Rabbit","weather":"Clear","battery":60},
{"time":"2019-07-21 19:18:50","animal_name":"Squirrel","weather":"Clear","battery":18},
{"time":"2019-09-12 11:41:59","animal_name":"Rabbit","weather":"Rainy","battery":60},
{"time":"2019-07-14 18:57:31","animal_name":"Rabbit","weather":"Clear","battery":75},
{"time":"2020-03-01 06:31:58","animal_name":"Squirrel","weather":"Clear","battery":81},
{"time":"2020-06-19 04:31:53","animal_name":"Wolf","weather":"Rainy","battery":54},
{"time":"2020-06-14 17:55:18","animal_name":"Deer","weather":"Clear","battery":65},
{"time":"2020-08-02 11:28:07","animal_name":"Squirrel","weather":"Rainy","battery":82},
{"time":"2019-07-01 09:17:36","animal_name":"Rabbit","weather":"Clear","battery":35},
{"time":"2019-12-20 12:57:22","animal_name":"Rabbit","weather":"Rainy","battery":10},
{"time":"2019-06-03 19:55:02","animal_name":"Rabbit","weather":"Clear","battery":14},
{"time":"2020-01-10 20:31:35","animal_name":"Squirrel","weather":"Rainy","battery":66},
{"time":"2020-02-07 19:35:16","animal_name":"Squirrel","weather":"Clear","battery":63},
{"time":"2019-11-03 03:04:38","animal_name":"Squirrel","weather":"Clear","battery":2},
{"time":"2019-07-04 15:50:54","animal_name":"Squirrel","weather":"Clear","battery":71},
{"time":"2019-06-08 20:03:55","animal_name":"Squirrel","weather":"Clear","battery":59},
{"time":"2020-03-22 07:46:16","animal_name":"Deer","weather":"Rainy","battery":30},
{"time":"2019-11-03 06:18:42","animal_name":"Rabbit","weather":"Clear","battery":71},
{"time":"2020-01-06 02:22:34","animal_name":"Squirrel","weather":"Rainy","battery":69},
{"time":"2019-09-14 00:20:33","animal_name":"Wolf","weather":"Cloudy","battery":63},
{"time":"2019-09-01 10:30:03","animal_name":"Squirrel","weather":"Storm","battery":84},
{"time":"2020-02-10 05:43:42","animal_name":"Bear","weather":"Clear","battery":82},
{"time":"2020-08-22 05:31:55","animal_name":"Rabbit","weather":"Clear","battery":51},
{"time":"2019-12-14 14:33:23","animal_name":"Bear","weather":"Clear","battery":41},
{"time":"2020-03-07 03:05:45","animal_name":"Squirrel","weather":"Cloudy","battery":23},
{"time":"2020-03-05 22:16:22","animal_name":"Rabbit","weather":"Rainy","battery":78},
{"time":"2020-07-09 08:38:46","animal_name":"Squirrel","weather":"Clear","battery":33},
{"time":"2020-01-05 15:37:17","animal_name":"Bear","weather":"Cloudy","battery":92},
{"time":"2019-07-17 11:30:57","animal_name":"Squirrel","weather":"Cloudy","battery":54},
{"time":"2020-01-24 12:01:50","animal_name":"Rabbit","weather":"Cloudy","battery":50},
{"time":"2020-03-12 22:22:04","animal_name":"Rabbit","weather":"Clear","battery":84},
{"time":"2020-06-15 22:48:32","animal_name":"Rabbit","weather":"Cloudy","battery":71},
{"time":"2020-07-24 02:01:45","animal_name":"Rabbit","weather":"Clear","battery":37},
{"time":"2019-10-29 11:18:17","animal_name":"Rabbit","weather":"Clear","battery":94},
{"time":"2019-06-08 03:52:40","animal_name":"Rabbit","weather":"Clear","battery":95},
{"time":"2020-06-20 16:40:02","animal_name":"Rabbit","weather":"Cloudy","battery":55},
{"time":"2019-09-19 06:07:28","animal_name":"Rabbit","weather":"Cloudy","battery":5},
{"time":"2020-06-14 07:54:12","animal_name":"Rabbit","weather":"Storm","battery":98},
{"time":"2020-04-09 11:37:48","animal_name":"Deer","weather":"Cloudy","battery":20},
{"time":"2019-06-23 17:51:18","animal_name":"Rabbit","weather":"Clear","battery":91},
{"time":"2020-03-08 09:30:02","animal_name":"Bear","weather":"Cloudy","battery":40},
{"time":"2019-08-03 09:48:54","animal_name":"Bear","weather":"Clear","battery":98},
{"time":"2020-03-03 22:38:55","animal_name":"Squirrel","weather":"Storm","battery":96},
{"time":"2020-08-08 05:09:20","animal_name":"Rabbit","weather":"Clear","battery":72},
{"time":"2020-07-07 04:03:42","animal_name":"Squirrel","weather":"Cloudy","battery":86},
{"time":"2020-07-12 02:04:05","animal_name":"Squirrel","weather":"Clear","battery":75},
{"time":"2019-11-05 02:26:52","animal_name":"Bear","weather":"Clear","battery":50},
{"time":"2020-01-18 04:51:50","animal_name":"Rabbit","weather":"Cloudy","battery":96},
{"time":"2020-03-26 08:23:43","animal_name":"Rabbit","weather":"Cloudy","battery":27},
{"time":"2019-11-04 17:17:12","animal_name":"Rabbit","weather":"Clear","battery":38},
{"time":"2019-10-19 14:44:21","animal_name":"Squirrel","weather":"Rainy","battery":36},
{"time":"2020-06-19 14:59:03","animal_name":"Rabbit","weather":"Storm","battery":59},
{"time":"2020-03-27 20:30:32","animal_name":"Squirrel","weather":"Cloudy","battery":64},
{"time":"2019-06-14 02:17:57","animal_name":"Rabbit","weather":"Clear","battery":66},
{"time":"2019-09-19 06:47:46","animal_name":"Squirrel","weather":"Rainy","battery":29},
{"time":"2020-07-05 00:19:04","animal_name":"Rabbit","weather":"Clear","battery":90},
{"time":"2019-11-11 06:49:20","animal_name":"Rabbit","weather":"Clear","battery":51},
{"time":"2019-08-30 02:10:03","animal_name":"Deer","weather":"Cloudy","battery":95},
{"time":"2019-08-20 01:39:34","animal_name":"Squirrel","weather":"Clear","battery":60},
{"time":"2020-02-22 15:01:56","animal_name":"Squirrel","weather":"Clear","battery":29},
{"time":"2020-07-26 03:30:16","animal_name":"Squirrel","weather":"Clear","battery":11},
{"time":"2020-03-10 06:00:18","animal_name":"Rabbit","weather":"Clear","battery":47},
{"time":"2019-11-22 20:22:09","animal_name":"Rabbit","weather":"Clear","battery":45},
{"time":"2019-12-30 22:59:07","animal_name":"Rabbit","weather":"Cloudy","battery":46},
{"time":"2019-07-10 12:15:33","animal_name":"Squirrel","weather":"Storm","battery":41},
{"time":"2019-06-08 23:20:21","animal_name":"Squirrel","weather":"Clear","battery":2},
{"time":"2019-07-31 11:39:57","animal_name":"Bear","weather":"Rainy","battery":5},
{"time":"2020-08-12 07:58:10","animal_name":"Deer","weather":"Clear","battery":37},
{"time":"2019-07-21 10:41:50","animal_name":"Squirrel","weather":"Rainy","battery":59},
{"time":"2019-08-16 21:31:43","animal_name":"Rabbit","weather":"Clear","battery":98},
{"time":"2020-08-09 02:43:42","animal_name":"Squirrel","weather":"Clear","battery":9},
{"time":"2019-07-28 21:35:05","animal_name":"Squirrel","weather":"Clear","battery":23},
{"time":"2020-06-25 07:26:32","animal_name":"Bear","weather":"Rainy","battery":85},
{"time":"2019-09-03 02:15:00","animal_name":"Deer","weather":"Cloudy","battery":93},
{"time":"2020-02-24 17:14:38","animal_name":"Squirrel","weather":"Clear","battery":78},
{"time":"2020-05-22 17:00:22","animal_name":"Wolf","weather":"Cloudy","battery":16},
{"time":"2019-07-09 07:25:29","animal_name":"Rabbit","weather":"Clear","battery":97},
{"time":"2020-06-09 09:09:46","animal_name":"Squirrel","weather":"Cloudy","battery":35},
{"time":"2019-06-25 04:27:59","animal_name":"Squirrel","weather":"Rainy","battery":93},
{"time":"2020-07-14 18:43:05","animal_name":"Squirrel","weather":"Clear","battery":39},
{"time":"2019-08-08 16:55:26","animal_name":"Rabbit","weather":"Clear","battery":42},
{"time":"2020-08-04 02:13:31","animal_name":"Deer","weather":"Clear","battery":73},
{"time":"2019-10-20 11:27:09","animal_name":"Rabbit","weather":"Cloudy","battery":23},
{"time":"2019-07-27 01:13:19","animal_name":"Squirrel","weather":"Clear","battery":15},
{"time":"2019-10-28 00:27:30","animal_name":"Rabbit","weather":"Clear","battery":71},
{"time":"2019-08-06 14:07:06","animal_name":"Rabbit","weather":"Rainy","battery":13},
{"time":"2019-06-27 18:05:08","animal_name":"Squirrel","weather":"Clear","battery":35},
{"time":"2019-07-23 15:46:57","animal_name":"Rabbit","weather":"Cloudy","battery":33},
{"time":"2020-02-10 02:13:24","animal_name":"Rabbit","weather":"Clear","battery":55},
{"time":"2019-06-20 06:24:24","animal_name":"Rabbit","weather":"Cloudy","battery":59},
{"time":"2019-11-01 02:44:04","animal_name":"Squirrel","weather":"Cloudy","battery":1},
{"time":"2019-09-20 04:03:32","animal_name":"Wolf","weather":"Cloudy","battery":41},
{"time":"2020-06-04 14:53:29","animal_name":"Rabbit","weather":"Clear","battery":60},
{"time":"2019-08-23 01:54:14","animal_name":"Squirrel","weather":"Clear","battery":12},
{"time":"2019-10-08 14:13:05","animal_name":"Rabbit","weather":"Rainy","battery":6},
{"time":"2019-08-03 02:43:03","animal_name":"Squirrel","weather":"Cloudy","battery":89},
{"time":"2020-06-17 07:47:34","animal_name":"Squirrel","weather":"Clear","battery":48}]