[{"time":"2020-07-05 02:05:14","animal_name":"Squirrel","weather":"Cloudy","battery":43},
{"time":"2019-07-30 04:40:28","animal_name":"Rabbit","weather":"Clear","battery":29},
{"time":"2019-12-26 20:35:24","animal_name":"Deer","weather":"Clear","battery":13},
{"time":"2019-12-25 09:23:44","animal_name":"Squirrel","weather":"Cloudy","battery":63},
{"time":"2019-07-24 02:47:47","animal_name":"Rabbit","weather":"Clear","battery":69},
{"time":"2020-05-24 05:07:49","animal_name":"Squirrel","weather":"Cloudy","battery":41},
{"time":"2020-04-24 18:19:34","animal_name":"Rabbit","weather":"Clear","battery":85},
{"time":"2020-07-08 07:33:11","animal_name":"Squirrel","weather":"Rainy","battery":48},
{"time":"2020-06-13 22:07:57","animal_name":"Bear","weather":"Cloudy","battery":73},
{"time":"2020-06-21 12:14:16","animal_name":"Rabbit","weather":"Cloudy","battery":77},
{"time":"2020-08-11 01:58:51","animal_name":"Rabbit","weather":"Cloudy","battery":19},
{"time":"2020-06-05 07:43:02","animal_name":"Rabbit","weather":"Clear","battery":88},
{"time":"2019-06-04 06:55:36","animal_name":"Rabbit","weather":"Storm","battery":55},
{"time":"2020-05-03 02:29:32","animal_name":"Deer","weather":"Clear","battery":26},
{"time":"2020-02-20 18:52:12","animal_name":"Squirrel","weather":"Rainy","battery":3},
{"time":"2020-08-03 07:04:57","animal_name":"Squirrel","weather":"Clear","battery":61},
{"time":"2019-07-25 22:00:12","animal_name":"Rabbit","weather":"Clear","battery":55},
{"time":"2019-11-15 19:44:27","animal_name":null,"weather":"Storm","battery":55},
{"time":"2020-04-28 15:31:52","animal_name":"Squirrel","weather":"Clear","battery":40},
{"time":"2020-05-23 16:14:07","animal_name":"Squirrel","weather":"Clear","battery":78},
{"time":"2019-09-04 09:22:51","animal_name":"Deer","weather":"Rainy","battery":95},
{"time":"2020-03-28 00:43:01","animal_name":"Bear","weather":"Clear","battery":96},
{"time":"2020-02-03 16:30:38","animal_name":"Rabbit","weather":"Cloudy","battery":81},
{"time":"2020-02-06 16:12:11","animal_name":"Squirrel","weather":"Cloudy","battery":4},
{"time":"2020-07-07 12:18:40","animal_name":null,"weather":"Clear","battery":38},
{"time":"2020-02-17 19:01:33","animal_name":"Rabbit","weather":"Clear","battery":33},
{"time":"2020-01-04 00:48:34","animal_name":"Deer","weather":"Clear","battery":25},
{"time":"2020-01-05 01:41:28","animal_name":"Rabbit","weather":"Cloudy","battery":32},
{"time":"2020-03-05 19:46:10","animal_name":"Rabbit","weather":"Clear","battery":29},
{"time":"2019-08-29 04:34:38","animal_name":"Squirrel","weather":"Clear","battery":39},
{"time":"2020-03-12 20:49:16","animal_name":"Deer","weather":"Clear","battery":58},
{"time":"2020-07-29 17:56:58","animal_name":"Wolf","weather":"Clear","battery":7},
{"time":"2019-11-22 23:45:02","animal_name":"Rabbit","weather":"Rainy","battery":8},
{"time":"2020-05-23 04:04:28","animal_name":"Rabbit","weather":"Cloudy","battery":51},
{"time":"2019-06-06 12:15:44","animal_name":"Rabbit","weather":"Rainy","battery":70},
{"time":"2019-10-26 17:05:18","animal_name":"Rabbit","weather":"Clear","battery":39},
{"time":"2020-08-19 12:15:34","animal_name":"Rabbit","weather":"Clear","battery":23},
{"time":"2019-06-26 14:02:29","animal_name":"Squirrel","weather":"Rainy","battery":5},
{"time":"2020-07-31 13:11:35","animal_name":"Squirrel","weather":"Rainy","battery":34},
{"time":"2019-06-26 03:45:20","animal_name":"Rabbit","weather":"Clear","battery":53},
{"time":"2020-08-27 04:54:16","animal_name":"Deer","weather":"Rainy","battery":86},
{"time":"2020-06-28 00:56:08","animal_name":"Wolf","weather":"Rainy","battery":12},
{"time":"2020-01-16 15:04:48","animal_name":"Rabbit","weather":"Clear","battery":34},
{"time":"2020-01-16 23:00:14","animal_name":"Squirrel","weather":"Clear","battery":100},
{"time":"2020-05-23 21:29:21","animal_name":"Rabbit","weather":"Clear","battery":73},
{"time":"2020-06-25 11:56:18","animal_name":"Deer","weather":"Clear","battery":68},
{"time":"2019-08-26 02:56:24","animal_name":"Rabbit","weather":"Clear","battery":88},
{"time":"2019-08-18 14:51:14","animal_name":"Squirrel","weather":"Clear","battery":31},
{"time":"2020-07-20 18:02:45","animal_name":"Wolf","weather":"Clear","battery":45},
{"time":"2020-06-21 06:11:09","animal_name":"Rabbit","weather":"Clear","battery":6},
{"time":"2019-06-26 18:41:19","animal_name":"Squirrel","weather":"Clear","battery":72},
{"time":"2020-07-04 08:54:31","animal_name":"Squirrel","weather":"Cloudy","battery":81},
{"time":"2019-10-08 22:11:53","animal_name":"Bear","weather":"Clear","battery":37},
{"time":"2020-05-15 09:25:27","animal_name":"Squirrel","weather":"Cloudy","battery":77},
{"time":"2019-09-15 00:58:05","animal_name":"Squirrel","weather":"Cloudy","battery":11},
{"time":"2020-02-12 04:24:12","animal_name":"Rabbit","weather":"Clear","battery":99},
{"time":"2019-11-06 19:24:19","animal_name":"Rabbit","weather":"Clear","battery":71},
{"time":"2019-09-26 20:19:24","animal_name":"Squirrel","weather":"Clear","battery":39},
{"time":"2019-09-18 06:00:01","animal_name":"Squirrel","weather":"Clear","battery":5},
{"time":"2020-05-28 02:02:38","animal_name":"Bear","weather":"Clear","battery":61},
{"time":"2019-11-23 10:52:15","animal_name":"Rabbit","weather":"Rainy","battery":22},
{"time":"2019-07-24 05:58:41","animal_name":"Rabbit","weather":"Rainy","battery":32},
{"time":"2020-02-14 09:42:22","animal_name":"Rabbit","weather":"Clear","battery":36},
{"time":"2020-02-27 01:09:44","animal_name":"Rabbit","weather":"Clear","battery":69},
{"time":"2019-09-09 17:52:04","animal_name":"Rabbit","weather":"Clear","battery":59},
{"time":"2020-02-04 10:37:58","animal_name":"Rabbit","weather":"Clear","battery":2},
{"time":"2020-05-19 19:12:37","animal_name":"Rabbit","weather":"Cloudy","battery":18},
{"time":"2020-01-22 08:15:06","animal_name":"Rabbit","weather":"Clear","battery":11},
{"time":"2020-03-30 00:06:42","animal_name":"Rabbit","weather":"Storm","battery":72},
{"time":"2020-08-22 18:34:43","animal_name":"Squirrel","weather":"Cloudy","battery":95},
{"time":"2020-06-29 18:49:57","animal_name":"Squirrel","weather":"Clear","battery":91},
{"time":"2020-06-16 19:29:33","animal_name":"Squirrel","weather":"Rainy","battery":53},
{"time":"2019-09-11 14:25:48","animal_name":"Squirrel","weather":"Clear","battery":81},
{"time":"2020-05-27 18:33:01","animal_name":"Squirrel","weather":"Clear","battery":37},
{"time":"2020-05-23 20:17:55","animal_name":"Rabbit","weather":"Clear","battery":4},
{"time":"2020-07-12 03:08:40","animal_name":"Deer","weather":"Cloudy","battery":50},
{"time":"2020-04-13 12:21:07","animal_name":"Rabbit","weather":"Clear","battery":63},
{"time":"2019-12-22 18:23:17","animal_name":"Squirrel","weather":"Cloudy","battery":32},
{"time":"2020-03-13 19:18:19","animal_name":"Squirrel","weather":"Clear","battery":11},
{"time":"2019-11-04 00:45:50","animal_name":"Squirrel","weather":"Clear","battery":62},
{"time":"2019-08-02 08:05:33","animal_name":"Deer","weather":"Storm","battery":41},
{"time":"2019-11-04 04:43:44","animal_name":"Rabbit","weather":"Cloudy","battery":63},
{"time":"2019-08-04 00:53:17","animal_name":"Rabbit","weather":"Cloudy","battery":79},
{"time":"2019-06-14 09:51:22","animal_name":"Rabbit","weather":"Clear","battery":49},
{"time":"2019-09-20 11:32:35","animal_name":"Squirrel","weather":"Clear","battery":15},
{"time":"2019-09-24 21:18:42","animal_name":"Rabbit","weather":"Clear","battery":67},
{"time":"2019-06-17 23:46:01","animal_name":"Squirrel","weather":"Clear","battery":94},
{"time":"2019-10-25 07:21:09","animal_name":"Squirrel","weather":"Rainy","battery":72},
{"time":"2020-05-13 23:37:36","animal_name":"Squirrel","weather":"Cloudy","battery":93},
{"time":"2020-01-19 19:59:54","animal_name":"Rabbit","weather":"Clear","battery":87},
{"time":"2019-07-22 01:17:00","animal_name":"Rabbit","weather":"Clear","battery":67},
{"time":"2020-01-09 21:10:57","animal_name":"Rabbit","weather":"Cloudy","battery":90},
{"time":"2019-08-15 02:48:43","animal_name":"Squirrel","weather":"Rainy","battery":15},
{"time":"2019-06-03 07:35:57","animal_name":"Rabbit","weather":"Clear","battery":44},
{"time":"2019-10-15 20:24:26","animal_name":"Rabbit","weather":"Clear","battery":67},
{"time":"2019-06-21 05:28:04","animal_name":"Deer","weather":"Rainy","battery":58},
{"time":"2020-01-21 15:00:02","animal_name":"Squirrel","weather":"Clear","battery":67},
{"time":"2020-01-31 18:28:48","animal_name":"Squirrel","weather":"Cloudy","battery":16},
{"time":"2019-08-11 20:48:20","animal_name":"Squirrel","weather":"Clear","battery":74},
{"time":"2020-05-27 17:30:43","animal_name":"Squirrel","weather":"Cloudy","battery":3}]